Item;Cond;Sentence;Sentence_sep;Stimulus_tf;Target;Cloze;Association;Plausibility;Prime;secretgpt2_surp;leo13b_surp
1;a;Johann betrat das Restaurant. Wenig später öffnete er die Speisekarte und verschaffte sich einen Überblick.;Johann betrat das Restaurant . Wenig später öffnete er die Speisekarte und verschaffte sich einen Überblick .;Johann betrat das Restaurant . Wenig später öffnete er die Speisekarte;Speisekarte;0.6;6.8;6.416666667;Restaurant;7.882965266704559;7.953773682878818
1;b;Johann verließ das Restaurant. Wenig später öffnete er die Speisekarte und verschaffte sich einen Überblick.;Johann verließ das Restaurant . Wenig später öffnete er die Speisekarte und verschaffte sich einen Überblick .;Johann verließ das Restaurant . Wenig später öffnete er die Speisekarte;Speisekarte;0.0;6.8;1.818181818;Restaurant;7.9742622673511505;17.417669105932873
1;c;Johann betrat die Wohnung. Wenig später öffnete er die Speisekarte und verschaffte sich einen Überblick.;Johann betrat die Wohnung . Wenig später öffnete er die Speisekarte und verschaffte sich einen Überblick .;Johann betrat die Wohnung . Wenig später öffnete er die Speisekarte;Speisekarte;0.0;1.25;3.0;Wohnung;20.083434581756592;21.673678999999538
2;a;Sabine betrat das Kino. Schnell ging sie zur Kasse und kaufte eine Karte.;Sabine betrat das Kino . Schnell ging sie zur Kasse und kaufte eine Karte .;Sabine betrat das Kino . Schnell ging sie zur Kasse;Kasse;0.2;5.95;6.571428571;Kino;7.435539245605469;1.1811166107654572
2;b;Sabine verließ das Kino. Schnell ging sie zur Kasse und kaufte eine Karte.;Sabine verließ das Kino . Schnell ging sie zur Kasse und kaufte eine Karte .;Sabine verließ das Kino . Schnell ging sie zur Kasse;Kasse;0.0;5.95;3.0;Kino;11.585941314697266;6.471135035157204
2;c;Sabine betrat die Schule. Schnell ging sie zur Kasse und kaufte eine Karte.;Sabine betrat die Schule . Schnell ging sie zur Kasse und kaufte eine Karte .;Sabine betrat die Schule . Schnell ging sie zur Kasse;Kasse;0.0;2.3;2.363636364;Schule;12.543880462646484;9.3932523727417
3;a;Kevin betrat den Bauernhof. Ohne zu zögern nahm er eine Mistgabel und fing an zu schaufeln.;Kevin betrat den Bauernhof . Ohne zu zögern nahm er eine Mistgabel und fing an zu schaufeln .;Kevin betrat den Bauernhof . Ohne zu zögern nahm er eine Mistgabel;Mistgabel;0.0;6.8;6.181818182;Bauernhof;14.368731954135;8.227030349224606
3;b;Kevin verließ den Bauernhof. Ohne zu zögern nahm er eine Mistgabel und fing an zu schaufeln.;Kevin verließ den Bauernhof . Ohne zu zögern nahm er eine Mistgabel und fing an zu schaufeln .;Kevin verließ den Bauernhof . Ohne zu zögern nahm er eine Mistgabel;Mistgabel;0.0;6.8;2.857142857;Bauernhof;18.876783381216228;14.856263513950125
3;c;Kevin betrat die Kirche. Ohne zu zögern nahm er eine Mistgabel und fing an zu schaufeln.;Kevin betrat die Kirche . Ohne zu zögern nahm er eine Mistgabel und fing an zu schaufeln .;Kevin betrat die Kirche . Ohne zu zögern nahm er eine Mistgabel;Mistgabel;0.0;1.65;1.166666667;Kirche;18.220948599278927;16.844913456356153
4;a;Susi betrat die Arztpraxis. Freundlich sprach sie mit der Arzthelferin über die Problematik.;Susi betrat die Arztpraxis . Freundlich sprach sie mit der Arzthelferin über die Problematik .;Susi betrat die Arztpraxis . Freundlich sprach sie mit der Arzthelferin;Arzthelferin;0.4;6.8;6.75;Arztpraxis;10.05084076989442;2.540728497551754
4;b;Susi verließ die Arztpraxis. Freundlich sprach sie mit der Arzthelferin über die Problematik.;Susi verließ die Arztpraxis . Freundlich sprach sie mit der Arzthelferin über die Problematik .;Susi verließ die Arztpraxis . Freundlich sprach sie mit der Arzthelferin;Arzthelferin;0.2;6.8;3.0;Arztpraxis;11.558726399205623;2.846617364732083
4;c;Susi betrat das Gehege. Freundlich sprach sie mit der Arzthelferin über die Problematik.;Susi betrat das Gehege . Freundlich sprach sie mit der Arzthelferin über die Problematik .;Susi betrat das Gehege . Freundlich sprach sie mit der Arzthelferin;Arzthelferin;0.0;1.7;1.571428571;Gehege;20.967476631049067;20.352510258788243
5;a;Roman betrat die Bücherei. Kurz danach ging er zum Regal und suchte einen Krimi.;Roman betrat die Bücherei . Kurz danach ging er zum Regal und suchte einen Krimi .;Roman betrat die Bücherei . Kurz danach ging er zum Regal;Regal;0.1;6.35;6.857142857;Bücherei;15.150160789489746;3.7445270270109177
5;b;Roman verließ die Bücherei. Kurz danach ging er zum Regal und suchte einen Krimi.;Roman verließ die Bücherei . Kurz danach ging er zum Regal und suchte einen Krimi .;Roman verließ die Bücherei . Kurz danach ging er zum Regal;Regal;0.0;6.35;2.416666667;Bücherei;15.84406852722168;11.413995146751404
5;c;Roman betrat die Kneipe. Kurz danach ging er zum Regal und suchte einen Krimi.;Roman betrat die Kneipe . Kurz danach ging er zum Regal und suchte einen Krimi .;Roman betrat die Kneipe . Kurz danach ging er zum Regal;Regal;0.0;2.3;2.636363636;Kneipe;16.302894592285156;9.717674255371094
6;a;Lea begann Spaghetti zu kochen. Vorsichtig öffnete sie die Nudelpackung mit einem Handgriff.;Lea begann Spaghetti zu kochen . Vorsichtig öffnete sie die Nudelpackung mit einem Handgriff .;Lea begann Spaghetti zu kochen . Vorsichtig öffnete sie die Nudelpackung;Nudelpackung;0.9;6.6;6.727272727;Spaghetti;24.21653515100479;7.450703697279096
6;b;Lea war fertig Spaghetti zu kochen. Vorsichtig öffnete sie die Nudelpackung mit einem Handgriff.;Lea war fertig Spaghetti zu kochen . Vorsichtig öffnete sie die Nudelpackung mit einem Handgriff .;Lea war fertig Spaghetti zu kochen . Vorsichtig öffnete sie die Nudelpackung;Nudelpackung;0.1;6.6;1.857142857;Spaghetti;24.992458879947662;11.741230711340904
6;c;Lea begann die Wände zu streichen. Vorsichtig öffnete sie die Nudelpackung mit einem Handgriff.;Lea begann die Wände zu streichen . Vorsichtig öffnete sie die Nudelpackung mit einem Handgriff .;Lea begann die Wände zu streichen . Vorsichtig öffnete sie die Nudelpackung;Nudelpackung;0.0;1.05;1.5;Wände;28.901500403881077;18.20801755785942
7;a;Peter erreichte das Theater. Wenig später ging er zur Loge und setzte sich.;Peter erreichte das Theater . Wenig später ging er zur Loge und setzte sich .;Peter erreichte das Theater . Wenig später ging er zur Loge;Loge;0.0;6.35;6.333333333;Theater;13.070016413927078;10.071860775351524
7;b;Peter verließ das Theater. Wenig später ging er zur Loge und setzte sich.;Peter verließ das Theater . Wenig später ging er zur Loge und setzte sich .;Peter verließ das Theater . Wenig später ging er zur Loge;Loge;0.0;6.35;2.181818182;Theater;13.412979423999786;12.06318436563015
7;c;Peter erreichte den Supermarkt. Wenig später ging er zur Loge und setzte sich.;Peter erreichte den Supermarkt . Wenig später ging er zur Loge und setzte sich .;Peter erreichte den Supermarkt . Wenig später ging er zur Loge;Loge;0.0;1.1;2.142857143;Supermarkt;16.79228115081787;18.352352261543274
8;a;Lisa betrat den Bahnhof. Wenig später war sie am Gleis und wartete auf den Zug.;Lisa betrat den Bahnhof . Wenig später war sie am Gleis und wartete auf den Zug .;Lisa betrat den Bahnhof . Wenig später war sie am Gleis;Gleis;0.3;6.7;7.0;Bahnhof;8.1126070022583;1.696774567477405
8;b;Lisa verließ den Bahnhof. Wenig später war sie am Gleis und wartete auf den Zug.;Lisa verließ den Bahnhof . Wenig später war sie am Gleis und wartete auf den Zug .;Lisa verließ den Bahnhof . Wenig später war sie am Gleis;Gleis;0.0;6.7;2.25;Bahnhof;9.642154693603516;11.12843064032495
8;c;Lisa betrat das Haus. Wenig später war sie am Gleis und wartete auf den Zug.;Lisa betrat das Haus . Wenig später war sie am Gleis und wartete auf den Zug .;Lisa betrat das Haus . Wenig später war sie am Gleis;Gleis;0.0;1.5;2.363636364;Haus;12.088851928710938;14.310258537530899
9;a;Tim begann im Fitnessstudio zu trainieren. Umgehend war er auf dem Laufband und rann wie verrückt.;Tim begann im Fitnessstudio zu trainieren . Umgehend war er auf dem Laufband und rann wie verrückt .;Tim begann im Fitnessstudio zu trainieren . Umgehend war er auf dem Laufband;Laufband;0.1;6.6;6.545454545;Fitnessstudio;6.913583725690842;10.131037712097168
9;b;Tim hörte auf im Fitnessstudio zu trainieren. Umgehend war er auf dem Laufband und rann wie verrückt.;Tim hörte auf im Fitnessstudio zu trainieren . Umgehend war er auf dem Laufband und rann wie verrückt .;Tim hörte auf im Fitnessstudio zu trainieren . Umgehend war er auf dem Laufband;Laufband;0.0;6.6;1.857142857;Fitnessstudio;8.82771548628807;8.366171896457672
9;c;Tim begann seine Fahrstunde. Umgehend war er auf dem Laufband und rann wie verrückt.;Tim begann seine Fahrstunde . Umgehend war er auf dem Laufband und rann wie verrückt .;Tim begann seine Fahrstunde . Umgehend war er auf dem Laufband;Laufband;0.0;1.2;1.416666667;Fahrstunde;12.467859268188477;15.724486827850342
10;a;Maria erreichte den Flughafen. Sofort ging sie zum Check-in um den Koffer aufzugeben.;Maria erreichte den Flughafen . Sofort ging sie zum Check - in um den Koffer aufzugeben .;Maria erreichte den Flughafen . Sofort ging sie zum Check-in;Check-in;0.4;6.6;6.583333333;Flughafen;7.493228010833263;4.171839609742165
10;b;Maria verließ den Flughafen. Sofort ging sie zum Check-in um den Koffer aufzugeben.;Maria verließ den Flughafen . Sofort ging sie zum Check - in um den Koffer aufzugeben .;Maria verließ den Flughafen . Sofort ging sie zum Check-in;Check-in;0.1;6.6;1.727272727;Flughafen;8.524566687643528;11.06690463423729
10;c;Maria erreichte das Einkaufszentrum. Sofort ging sie zum Check-in um den Koffer aufzugeben.;Maria erreichte das Einkaufszentrum . Sofort ging sie zum Check - in um den Koffer aufzugeben .;Maria erreichte das Einkaufszentrum . Sofort ging sie zum Check-in;Check-in;0.0;1.65;1.142857143;Einkaufszentrum;11.47141945362091;12.847180306911469
11;a;Lukas kam zur Geburtstagsfeier. Nach einer Weile überreichte er den Kuchen und gratulierte.;Lukas kam zur Geburtstagsfeier . Nach einer Weile überreichte er den Kuchen und gratulierte .;Lukas kam zur Geburtstagsfeier . Nach einer Weile überreichte er den Kuchen;Kuchen;0.0;6.7;6.857142857;Geburtstagsfeier;7.80799674987793;8.254349559545517
11;b;Lukas verließ die Geburtstagsfeier. Nach einer Weile überreichte er den Kuchen und gratulierte.;Lukas verließ die Geburtstagsfeier . Nach einer Weile überreichte er den Kuchen und gratulierte .;Lukas verließ die Geburtstagsfeier . Nach einer Weile überreichte er den Kuchen;Kuchen;0.0;6.7;2.083333333;Geburtstagsfeier;6.994616985321045;7.302383694797754
11;c;Lukas kam zum Unterricht. Nach einer Weile überreichte er den Kuchen und gratulierte.;Lukas kam zum Unterricht . Nach einer Weile überreichte er den Kuchen und gratulierte .;Lukas kam zum Unterricht . Nach einer Weile überreichte er den Kuchen;Kuchen;0.0;1.65;4.363636364;Unterricht;11.477971076965332;12.639725559391081
12;a;Marie ging zum Friseur. Nach einem kurzen Moment fragte sie die Stylistin nach einem neuen Schnitt.;Marie ging zum Friseur . Nach einem kurzen Moment fragte sie die Stylistin nach einem neuen Schnitt .;Marie ging zum Friseur . Nach einem kurzen Moment fragte sie die Stylistin;Stylistin;0.0;6.4;5.454545455;Friseur;11.311049662530422;6.2661466635763645
12;b;Marie verließ den Friseur. Nach einem kurzen Moment fragte sie die Stylistin nach einem neuen Schnitt.;Marie verließ den Friseur . Nach einem kurzen Moment fragte sie die Stylistin nach einem neuen Schnitt .;Marie verließ den Friseur . Nach einem kurzen Moment fragte sie die Stylistin;Stylistin;0.0;6.4;1.571428571;Friseur;12.153073832392693;8.705562096089125
12;c;Marie ging zur Uni. Nach einem kurzen Moment fragte sie die Stylistin nach einem neuen Schnitt.;Marie ging zur Uni . Nach einem kurzen Moment fragte sie die Stylistin nach einem neuen Schnitt .;Marie ging zur Uni . Nach einem kurzen Moment fragte sie die Stylistin;Stylistin;0.0;1.65;1.333333333;Uni;15.798092752695084;14.108120796270669
13;a;Thorsten begann zu duschen. Als erstes benutzte er das Shampoo und dann das Duschgel.;Thorsten begann zu duschen . Als erstes benutzte er das Shampoo und dann das Duschgel .;Thorsten begann zu duschen . Als erstes benutzte er das Shampoo;Shampoo;0.3;6.65;6.25;duschen;7.217880932614207;3.6739792842417955
13;b;Thorsten hörte auf zu duschen. Als erstes benutzte er das Shampoo und dann das Duschgel.;Thorsten hörte auf zu duschen . Als erstes benutzte er das Shampoo und dann das Duschgel .;Thorsten hörte auf zu duschen . Als erstes benutzte er das Shampoo;Shampoo;0.2;6.65;2.272727273;duschen;8.626333197578788;4.584040332585573
13;c;Thorsten begann zu grillen. Als erstes benutzte er das Shampoo und dann das Duschgel.;Thorsten begann zu grillen . Als erstes benutzte er das Shampoo und dann das Duschgel .;Thorsten begann zu grillen . Als erstes benutzte er das Shampoo;Shampoo;0.0;1.25;1.142857143;grillen;10.601356578990815;16.956538826227188
14;a;Claudia betrat den Blumenladen. Schnell fragte sie nach einer Rose für eine Freundin.;Claudia betrat den Blumenladen . Schnell fragte sie nach einer Rose für eine Freundin .;Claudia betrat den Blumenladen . Schnell fragte sie nach einer Rose;Rose;0.5;6.5;7.0;Blumenladen;6.616715908050537;1.75123131275177
14;b;Claudia verließ den Blumenladen. Schnell fragte sie nach einer Rose für eine Freundin.;Claudia verließ den Blumenladen . Schnell fragte sie nach einer Rose für eine Freundin .;Claudia verließ den Blumenladen . Schnell fragte sie nach einer Rose;Rose;0.0;6.5;2.333333333;Blumenladen;7.454662322998047;13.001111030578613
14;c;Claudia betrat das Tiergeschäft. Schnell fragte sie nach einer Rose für eine Freundin.;Claudia betrat das Tiergeschäft . Schnell fragte sie nach einer Rose für eine Freundin .;Claudia betrat das Tiergeschäft . Schnell fragte sie nach einer Rose;Rose;0.0;1.2;1.727272727;Tiergeschäft;10.47846794128418;11.63991928100586
15;a;Jonathan ging zum Friedhof. Nachdenklich betrachtete er den Grabstein und sprach ein Gebet.;Jonathan ging zum Friedhof . Nachdenklich betrachtete er den Grabstein und sprach ein Gebet .;Jonathan ging zum Friedhof . Nachdenklich betrachtete er den Grabstein;Grabstein;0.9;6.75;6.727272727;Friedhof;4.370508193969727;2.5865739407017827
15;b;Jonathan verließ den Friedhof. Nachdenklich betrachtete er den Grabstein und sprach ein Gebet.;Jonathan verließ den Friedhof . Nachdenklich betrachtete er den Grabstein und sprach ein Gebet .;Jonathan verließ den Friedhof . Nachdenklich betrachtete er den Grabstein;Grabstein;0.5;6.75;2.285714286;Friedhof;6.20266056060791;6.116368126124144
15;c;Jonathan ging in die Küche. Nachdenklich betrachtete er den Grabstein und sprach ein Gebet.;Jonathan ging in die Küche . Nachdenklich betrachtete er den Grabstein und sprach ein Gebet .;Jonathan ging in die Küche . Nachdenklich betrachtete er den Grabstein;Grabstein;0.0;1.2;1.583333333;Küche;15.890714645385742;15.143859341740608
16;a;Lara ging in den Garten. Genau prüfte sie die Erde und goss dann die Blumen.;Lara ging in den Garten . Genau prüfte sie die Erde und goss dann die Blumen .;Lara ging in den Garten . Genau prüfte sie die Erde;Erde;0.1;6.45;5.416666667;Garten;9.197941780090332;6.376450203359127
16;b;Lara verließ den Garten. Genau prüfte sie die Erde und goss dann die Blumen.;Lara verließ den Garten . Genau prüfte sie die Erde und goss dann die Blumen .;Lara verließ den Garten . Genau prüfte sie die Erde;Erde;0.0;6.45;3.181818182;Garten;9.384417533874512;9.494348526000977
16;c;Lara ging zum Herd. Genau prüfte sie die Erde und goss dann die Blumen.;Lara ging zum Herd . Genau prüfte sie die Erde und goss dann die Blumen .;Lara ging zum Herd . Genau prüfte sie die Erde;Erde;0.0;1.7;1.0;Herd;11.876447677612305;11.289588570594788
17;a;Roman ging ins Museum. Akribisch betrachtete er die Skulpturen und war begeistert.;Roman ging ins Museum . Akribisch betrachtete er die Skulpturen und war begeistert .;Roman ging ins Museum . Akribisch betrachtete er die Skulpturen;Skulpturen;0.2;6.2;6.0;Museum;7.699474811553955;6.085981525480747
17;b;Roman verließ das Museum. Akribisch betrachtete er die Skulpturen und war begeistert.;Roman verließ das Museum . Akribisch betrachtete er die Skulpturen und war begeistert .;Roman verließ das Museum . Akribisch betrachtete er die Skulpturen;Skulpturen;0.0;6.2;2.0;Museum;8.207289695739746;12.33396852016449
17;c;Roman ging in die Buchhandlung. Akribisch betrachtete er die Skulpturen und war begeistert.;Roman ging in die Buchhandlung . Akribisch betrachtete er die Skulpturen und war begeistert .;Roman ging in die Buchhandlung . Akribisch betrachtete er die Skulpturen;Skulpturen;0.0;1.8;1.818181818;Buchhandlung;13.862128257751465;15.722585380077362
18;a;Annika ging zum Konditor. Schnell fragte sie nach einem Kuchen und bezahlte sofort.;Annika ging zum Konditor . Schnell fragte sie nach einem Kuchen und bezahlte sofort .;Annika ging zum Konditor . Schnell fragte sie nach einem Kuchen;Kuchen;0.2;6.6;6.545454545;Konditor;5.925297260284424;6.507658399641514
18;b;Annika verließ den Konditor. Schnell fragte sie nach einem Kuchen und bezahlte sofort.;Annika verließ den Konditor . Schnell fragte sie nach einem Kuchen und bezahlte sofort .;Annika verließ den Konditor . Schnell fragte sie nach einem Kuchen;Kuchen;0.1;6.6;1.428571429;Konditor;7.918035984039307;9.379592567682266
18;c;Annika ging in die Boutique. Schnell fragte sie nach einem Kuchen und bezahlte sofort.;Annika ging in die Boutique . Schnell fragte sie nach einem Kuchen und bezahlte sofort .;Annika ging in die Boutique . Schnell fragte sie nach einem Kuchen;Kuchen;0.0;1.6;1.083333333;Boutique;11.4901123046875;12.044531375169754
19;a;Emil betrat das Spa. Nach einer Weile bekam er eine Massage und genoss sie.;Emil betrat das Spa . Nach einer Weile bekam er eine Massage und genoss sie .;Emil betrat das Spa . Nach einer Weile bekam er eine Massage;Massage;0.2;6.45;6.166666667;Spa;7.808278560638428;2.14546081982553
19;b;Emil verließ das Spa. Nach einer Weile bekam er eine Massage und genoss sie.;Emil verließ das Spa . Nach einer Weile bekam er eine Massage und genoss sie .;Emil verließ das Spa . Nach einer Weile bekam er eine Massage;Massage;0.0;6.45;2.454545455;Spa;13.10827922821045;10.16340658068657
19;c;Emil betrat die Apotheke. Nach einer Weile bekam er eine Massage und genoss sie.;Emil betrat die Apotheke . Nach einer Weile bekam er eine Massage und genoss sie .;Emil betrat die Apotheke . Nach einer Weile bekam er eine Massage;Massage;0.0;1.6;2.0;Apotheke;11.61176872253418;14.391955137252808
20;a;Susanne betrat die Reitschule. Schnell setzte sie den Sattel auf und ritt los.;Susanne betrat die Reitschule . Schnell setzte sie den Sattel auf und ritt los .;Susanne betrat die Reitschule . Schnell setzte sie den Sattel;Sattel;0.1;6.65;5.714285714;Reitschule;9.931408882141112;4.594384844880551
20;b;Susanne verließ die Reitschule. Schnell setzte sie den Sattel auf und ritt los.;Susanne verließ die Reitschule . Schnell setzte sie den Sattel auf und ritt los .;Susanne verließ die Reitschule . Schnell setzte sie den Sattel;Sattel;0.0;6.65;1.75;Reitschule;11.29065227508545;5.998439468443394
20;c;Susanne betrat das Bad. Schnell setzte sie den Sattel auf und ritt los.;Susanne betrat das Bad . Schnell setzte sie den Sattel auf und ritt los .;Susanne betrat das Bad . Schnell setzte sie den Sattel;Sattel;0.0;1.2;2.363636364;Bad;13.276083946228027;13.869633204303682
21;a;Martin kam zur Sicherheitskontrolle. Zügig öffnete er den Koffer und wurde durchgewunken.;Martin kam zur Sicherheitskontrolle . Zügig öffnete er den Koffer und wurde durchgewunken .;Martin kam zur Sicherheitskontrolle . Zügig öffnete er den Koffer;Koffer;0.0;5.9;6.0;Sicherheitskontrolle;3.277904510498047;3.019588841125369
21;b;Martin verließ die Sicherheitskontrolle. Zügig öffnete er den Koffer und wurde durchgewunken.;Martin verließ die Sicherheitskontrolle . Zügig öffnete er den Koffer und wurde durchgewunken .;Martin verließ die Sicherheitskontrolle . Zügig öffnete er den Koffer;Koffer;0.2;5.9;5.142857143;Sicherheitskontrolle;3.3627562522888184;4.23143641569186
21;c;Martin kam zur Autowerkstatt. Zügig öffnete er den Koffer und wurde durchgewunken.;Martin kam zur Autowerkstatt . Zügig öffnete er den Koffer und wurde durchgewunken .;Martin kam zur Autowerkstatt . Zügig öffnete er den Koffer;Koffer;0.0;1.95;1.583333333;Autowerkstatt;5.864040851593018;1.2881378758320352
22;a;Jutta ging zur Hotelrezeption. Sofort bekam sie ein Zimmer und dankte freundlich.;Jutta ging zur Hotelrezeption . Sofort bekam sie ein Zimmer und dankte freundlich .;Jutta ging zur Hotelrezeption . Sofort bekam sie ein Zimmer;Zimmer;0.3;6.15;6.5;Hotelrezeption;4.746319770812988;2.753853563219309
22;b;Jutta verließ die Hotelrezeption. Sofort bekam sie ein Zimmer und dankte freundlich.;Jutta verließ die Hotelrezeption . Sofort bekam sie ein Zimmer und dankte freundlich .;Jutta verließ die Hotelrezeption . Sofort bekam sie ein Zimmer;Zimmer;0.0;6.15;3.818181818;Hotelrezeption;6.406106472015381;10.015840530395508
22;c;Jutta ging zur Post. Sofort bekam sie ein Zimmer und dankte freundlich.;Jutta ging zur Post . Sofort bekam sie ein Zimmer und dankte freundlich .;Jutta ging zur Post . Sofort bekam sie ein Zimmer;Zimmer;0.0;1.75;1.571428571;Post;8.505736351013184;14.251369953155518
23;a;Jens ging zum Zahnarzt. Ängstlich ging er zum Röntgen und ließ sich behandeln.;Jens ging zum Zahnarzt . Ängstlich ging er zum Röntgen und ließ sich behandeln .;Jens ging zum Zahnarzt . Ängstlich ging er zum Röntgen;Röntgen;0.0;5.95;5.714285714;Zahnarzt;8.716902732849121;8.356955767143518
23;b;Jens verließ den Zahnarzt. Ängstlich ging er zum Röntgen und ließ sich behandeln.;Jens verließ den Zahnarzt . Ängstlich ging er zum Röntgen und ließ sich behandeln .;Jens verließ den Zahnarzt . Ängstlich ging er zum Röntgen;Röntgen;0.0;5.95;2.833333333;Zahnarzt;8.605237007141113;12.84605622291565
23;c;Jens ging zur Zollstelle. Ängstlich ging er zum Röntgen und ließ sich behandeln.;Jens ging zur Zollstelle . Ängstlich ging er zum Röntgen und ließ sich behandeln .;Jens ging zur Zollstelle . Ängstlich ging er zum Röntgen;Röntgen;0.0;2.85;3.181818182;Zollstelle;15.546299934387209;12.694910615682602
24;a;Elena begann Poker zu spielen. Schnell setzte sie ihr Geld und gewann.;Elena begann Poker zu spielen . Schnell setzte sie ihr Geld und gewann .;Elena begann Poker zu spielen . Schnell setzte sie ihr Geld;Geld;0.2;6.4;6.454545455;Poker;5.116794109344482;5.411609902977943
24;b;Elena hörte auf Poker zu spielen. Schnell setzte sie ihr Geld und gewann.;Elena hörte auf Poker zu spielen . Schnell setzte sie ihr Geld und gewann .;Elena hörte auf Poker zu spielen . Schnell setzte sie ihr Geld;Geld;0.0;6.4;1.714285714;Poker;4.363764762878418;4.898468866944313
24;c;Elena begann zu zeichnen. Schnell setzte sie ihr Geld und gewann.;Elena begann zu zeichnen . Schnell setzte sie ihr Geld und gewann .;Elena begann zu zeichnen . Schnell setzte sie ihr Geld;Geld;0.0;2.35;1.5;zeichnen;10.211061477661133;10.873327493667603
25;a;Bruno begann seinen Urlaub. Endlich kam er am Meer an und genoss das Wetter.;Bruno begann seinen Urlaub . Endlich kam er am Meer an und genoss das Wetter .;Bruno begann seinen Urlaub . Endlich kam er am Meer;Meer;0.0;6.6;5.666666667;Urlaub;8.24566650390625;6.154543027281761
25;b;Bruno beendete seinen Urlaub. Endlich kam er am Meer an und genoss das Wetter.;Bruno beendete seinen Urlaub . Endlich kam er am Meer an und genoss das Wetter .;Bruno beendete seinen Urlaub . Endlich kam er am Meer;Meer;0.0;6.6;2.636363636;Urlaub;8.187792778015137;11.948567926883698
25;c;Bruno begann seinen Filmabend. Endlich kam er am Meer an und genoss das Wetter.;Bruno begann seinen Filmabend . Endlich kam er am Meer an und genoss das Wetter .;Bruno begann seinen Filmabend . Endlich kam er am Meer;Meer;0.0;1.75;1.285714286;Filmabend;8.711235046386719;10.514892667531967
26;a;Jana betrat das Bürgeramt. Umgehend zeigte sie ihr Visum und stellte einen Antrag.;Jana betrat das Bürgeramt . Umgehend zeigte sie ihr Visum und stellte einen Antrag .;Jana betrat das Bürgeramt . Umgehend zeigte sie ihr Visum;Visum;0.0;5.25;5.285714286;Bürgeramt;14.889752388000488;7.385979175567627
26;b;Jana verließ das Bürgeramt. Umgehend zeigte sie ihr Visum und stellte einen Antrag.;Jana verließ das Bürgeramt . Umgehend zeigte sie ihr Visum und stellte einen Antrag .;Jana verließ das Bürgeramt . Umgehend zeigte sie ihr Visum;Visum;0.0;5.25;2.666666667;Bürgeramt;13.987765312194824;7.115605100989342
26;c;Jana betrat das Gartencenter. Umgehend zeigte sie ihr Visum und stellte einen Antrag.;Jana betrat das Gartencenter . Umgehend zeigte sie ihr Visum und stellte einen Antrag .;Jana betrat das Gartencenter . Umgehend zeigte sie ihr Visum;Visum;0.0;1.2;1.090909091;Gartencenter;18.508155822753903;11.068943977355957
27;a;Nico fuhr auf die Kirmes. Sofort ging er zum Auto-Scooter und fuhr eine Runde.;Nico fuhr auf die Kirmes . Sofort ging er zum Auto - Scooter und fuhr eine Runde .;Nico fuhr auf die Kirmes . Sofort ging er zum Auto-Scooter;Auto-Scooter;0.0;6.3;6.454545455;Kirmes;19.18671896494925;6.443449143553153
27;b;Nico verließ die Kirmes. Sofort ging er zum Auto-Scooter und fuhr eine Runde.;Nico verließ die Kirmes . Sofort ging er zum Auto - Scooter und fuhr eine Runde .;Nico verließ die Kirmes . Sofort ging er zum Auto-Scooter;Auto-Scooter;0.0;6.3;1.142857143;Kirmes;20.922576550394297;18.36161158652976
27;c;Nico fuhr zur Pizzeria. Sofort ging er zum Auto-Scooter und fuhr eine Runde.;Nico fuhr zur Pizzeria . Sofort ging er zum Auto - Scooter und fuhr eine Runde .;Nico fuhr zur Pizzeria . Sofort ging er zum Auto-Scooter;Auto-Scooter;0.0;1.3;1.333333333;Pizzeria;21.89690025150776;24.4432056741789
28;a;Beate ging wandern. Nach einer Weile sah sie ein Edelweiß das sie gleich mitnahm.;Beate ging wandern . Nach einer Weile sah sie ein Edelweiß das sie gleich mitnahm .;Beate ging wandern . Nach einer Weile sah sie ein Edelweiß;Edelweiß;0.0;6.3;5.916666667;wandern;16.70936870574951;15.164795606397092
28;b;Beate kam zurück vom Wandern. Nach einer Weile sah sie ein Edelweiß das sie gleich mitnahm.;Beate kam zurück vom Wandern . Nach einer Weile sah sie ein Edelweiß das sie gleich mitnahm .;Beate kam zurück vom Wandern . Nach einer Weile sah sie ein Edelweiß;Edelweiß;0.0;6.3;3.454545455;Wandern;17.267995357513428;15.85458393767476
28;c;Beate ging schwimmen. Nach einer Weile sah sie ein Edelweiß das sie gleich mitnahm.;Beate ging schwimmen . Nach einer Weile sah sie ein Edelweiß das sie gleich mitnahm .;Beate ging schwimmen . Nach einer Weile sah sie ein Edelweiß;Edelweiß;0.0;1.2;5.0;schwimmen;18.95179796218872;18.572116190567613
29;a;Hubert nahm ein Taxi. Freundlich begrüßte er den Fahrer und nannte sein Ziel.;Hubert nahm ein Taxi . Freundlich begrüßte er den Fahrer und nannte sein Ziel .;Hubert nahm ein Taxi . Freundlich begrüßte er den Fahrer;Fahrer;1.0;6.9;6.857142857;Taxi;4.601565361022949;0.7897597439587116
29;b;Hubert verließ das Taxi. Freundlich begrüßte er den Fahrer und nannte sein Ziel.;Hubert verließ das Taxi . Freundlich begrüßte er den Fahrer und nannte sein Ziel .;Hubert verließ das Taxi . Freundlich begrüßte er den Fahrer;Fahrer;0.0;6.9;1.916666667;Taxi;3.195586442947388;1.8513502352871
29;c;Hubert nahm ein Flugzeug. Freundlich begrüßte er den Fahrer und nannte sein Ziel.;Hubert nahm ein Flugzeug . Freundlich begrüßte er den Fahrer und nannte sein Ziel .;Hubert nahm ein Flugzeug . Freundlich begrüßte er den Fahrer;Fahrer;0.0;2.25;2.545454545;Flugzeug;8.315526962280273;5.7364447340369225
30;a;Jenni begann zu baden. Sofort verteilte sie den Schaum auf ihrem Körper.;Jenni begann zu baden . Sofort verteilte sie den Schaum auf ihrem Körper .;Jenni begann zu baden . Sofort verteilte sie den Schaum;Schaum;0.5;6.55;6.454545455;baden;9.798190116882324;2.338064320385456
30;b;Jenni hörte auf zu baden. Sofort verteilte sie den Schaum auf ihrem Körper.;Jenni hörte auf zu baden . Sofort verteilte sie den Schaum auf ihrem Körper .;Jenni hörte auf zu baden . Sofort verteilte sie den Schaum;Schaum;0.0;6.55;2.428571429;baden;10.614128112792969;1.5939331501722336
30;c;Jenni begann die Vorlesung. Sofort verteilte sie den Schaum auf ihrem Körper.;Jenni begann die Vorlesung . Sofort verteilte sie den Schaum auf ihrem Körper .;Jenni begann die Vorlesung . Sofort verteilte sie den Schaum;Schaum;0.0;1.1;1.166666667;Vorlesung;14.344369888305664;10.863248825073242
31;a;Hans betrat die Eishalle. Flott schnürte er seine Schlittschuhe und ging auf die Bahn.;Hans betrat die Eishalle . Flott schnürte er seine Schlittschuhe und ging auf die Bahn .;Hans betrat die Eishalle . Flott schnürte er seine Schlittschuhe;Schlittschuhe;0.7;6.75;6.75;Eishalle;5.756704133935273;0.3886698791393428
31;b;Hans verließ die Eishalle. Flott schnürte er seine Schlittschuhe und ging auf die Bahn.;Hans verließ die Eishalle . Flott schnürte er seine Schlittschuhe und ging auf die Bahn .;Hans verließ die Eishalle . Flott schnürte er seine Schlittschuhe;Schlittschuhe;0.0;6.75;2.727272727;Eishalle;5.192471999209374;0.44567066716990666
31;c;Hans betrat die Kletterhalle. Flott schnürte er seine Schlittschuhe und ging auf die Bahn.;Hans betrat die Kletterhalle . Flott schnürte er seine Schlittschuhe und ging auf die Bahn .;Hans betrat die Kletterhalle . Flott schnürte er seine Schlittschuhe;Schlittschuhe;0.0;1.55;1.142857143;Kletterhalle;8.546294149011374;15.204292344395071
32;a;Clara ging bowlen. Gekonnt erzielte sie einen Strike und gewann das Spiel.;Clara ging bowlen . Gekonnt erzielte sie einen Strike und gewann das Spiel .;Clara ging bowlen . Gekonnt erzielte sie einen Strike;Strike;0.7;6.6;7.0;bowlen;11.6241255402565;0.2619782146066427
32;b;Clara hörte auf zu bowlen. Gekonnt erzielte sie einen Strike und gewann das Spiel.;Clara hörte auf zu bowlen . Gekonnt erzielte sie einen Strike und gewann das Spiel .;Clara hörte auf zu bowlen . Gekonnt erzielte sie einen Strike;Strike;0.4;6.6;2.916666667;bowlen;11.723731756210327;0.26718115620315075
32;c;Clara ging zum Schießstand. Gekonnt erzielte sie einen Strike und gewann das Spiel.;Clara ging zum Schießstand . Gekonnt erzielte sie einen Strike und gewann das Spiel .;Clara ging zum Schießstand . Gekonnt erzielte sie einen Strike;Strike;0.0;1.75;2.454545455;Schießstand;12.00902819633484;13.69627046585083
33;a;Georg nahm teil an einem Feuerwehreinsatz. Sofort benutzte er den Schlauch und löschte das Feuer.;Georg nahm teil an einem Feuerwehreinsatz . Sofort benutzte er den Schlauch und löschte das Feuer .;Georg nahm teil an einem Feuerwehreinsatz . Sofort benutzte er den Schlauch;Schlauch;0.5;6.6;6.363636364;Feuerwehreinsatz;9.852885246276855;6.429440530017018
33;b;Georg beendete einen Feuerwehreinsatz. Sofort benutzte er den Schlauch und löschte das Feuer.;Georg beendete einen Feuerwehreinsatz . Sofort benutzte er den Schlauch und löschte das Feuer .;Georg beendete einen Feuerwehreinsatz . Sofort benutzte er den Schlauch;Schlauch;0.0;6.6;2.0;Feuerwehreinsatz;9.033387184143066;5.4456917541101575
33;c;Georg nahm teil an Yoga. Sofort benutzte er den Schlauch und löschte das Feuer.;Georg nahm teil an Yoga . Sofort benutzte er den Schlauch und löschte das Feuer .;Georg nahm teil an Yoga . Sofort benutzte er den Schlauch;Schlauch;0.0;1.3;1.666666667;Yoga;14.572660446166992;11.999060153961182
34;a;Johanna begann das Fußballspiel. Nach kurzer Zeit machte sie ein Tor und jubelte laut.;Johanna begann das Fußballspiel . Nach kurzer Zeit machte sie ein Tor und jubelte laut .;Johanna begann das Fußballspiel . Nach kurzer Zeit machte sie ein Tor;Tor;1.0;6.75;6.666666667;Fußballspiel;10.1945219039917;7.828675270080566
34;b;Johanna beendete das Fußballspiel. Nach kurzer Zeit machte sie ein Tor und jubelte laut.;Johanna beendete das Fußballspiel . Nach kurzer Zeit machte sie ein Tor und jubelte laut .;Johanna beendete das Fußballspiel . Nach kurzer Zeit machte sie ein Tor;Tor;0.8;6.75;1.545454545;Fußballspiel;10.611611366271973;8.904648780822754
34;c;Johanna begann die Jagd. Nach kurzer Zeit machte sie ein Tor und jubelte laut.;Johanna begann die Jagd . Nach kurzer Zeit machte sie ein Tor und jubelte laut .;Johanna begann die Jagd . Nach kurzer Zeit machte sie ein Tor;Tor;0.0;1.35;1.571428571;Jagd;11.384831428527832;4.442485332489014
35;a;Jürgen betrat die Metzgerei. Sofort fragte er nach einem Steak und bezahlte.;Jürgen betrat die Metzgerei . Sofort fragte er nach einem Steak und bezahlte .;Jürgen betrat die Metzgerei . Sofort fragte er nach einem Steak;Steak;0.1;6.0;6.857142857;Metzgerei;8.539692804217339;7.500688917934895
35;b;Jürgen verließ die Metzgerei. Sofort fragte er nach einem Steak und bezahlte.;Jürgen verließ die Metzgerei . Sofort fragte er nach einem Steak und bezahlte .;Jürgen verließ die Metzgerei . Sofort fragte er nach einem Steak;Steak;0.0;6.0;1.916666667;Metzgerei;10.153033316135406;11.592456579208374
35;c;Jürgen betrat die Bäckerei. Sofort fragte er nach einem Steak und bezahlte.;Jürgen betrat die Bäckerei . Sofort fragte er nach einem Steak und bezahlte .;Jürgen betrat die Bäckerei . Sofort fragte er nach einem Steak;Steak;0.0;1.2;1.636363636;Bäckerei;9.562797099351885;13.134817123413086
36;a;Frauke betrat den Zoo. Wenig später fotografierte sie ein Zebra beim Trinken.;Frauke betrat den Zoo . Wenig später fotografierte sie ein Zebra beim Trinken .;Frauke betrat den Zoo . Wenig später fotografierte sie ein Zebra;Zebra;0.0;6.25;6.181818182;Zoo;8.380457028746605;6.036654613912106
36;b;Frauke verließ den Zoo. Wenig später fotografierte sie ein Zebra beim Trinken.;Frauke verließ den Zoo . Wenig später fotografierte sie ein Zebra beim Trinken .;Frauke verließ den Zoo . Wenig später fotografierte sie ein Zebra;Zebra;0.0;6.25;2.142857143;Zoo;10.47243283689022;8.515253394842148
36;c;Frauke ging ins Stadion. Wenig später fotografierte sie ein Zebra beim Trinken.;Frauke ging ins Stadion . Wenig später fotografierte sie ein Zebra beim Trinken .;Frauke ging ins Stadion . Wenig später fotografierte sie ein Zebra;Zebra;0.0;1.3;1.916666667;Stadion;13.15468955785036;10.105592504143715
37;a;Bernd betrat den Waschsalon. Schnell wählte er das Waschprogramm und lies es laufen.;Bernd betrat den Waschsalon . Schnell wählte er das Waschprogramm und lies es laufen .;Bernd betrat den Waschsalon . Schnell wählte er das Waschprogramm;Waschprogramm;0.5;6.15;6.25;Waschsalon;14.207124710083008;4.059733907692134
37;b;Bernd verließ den Waschsalon. Schnell wählte er das Waschprogramm und lies es laufen.;Bernd verließ den Waschsalon . Schnell wählte er das Waschprogramm und lies es laufen .;Bernd verließ den Waschsalon . Schnell wählte er das Waschprogramm;Waschprogramm;0.1;6.15;1.727272727;Waschsalon;16.274727821350098;10.619881726801395
37;c;Bernd betrat den Kiosk. Schnell wählte er das Waschprogramm und lies es laufen.;Bernd betrat den Kiosk . Schnell wählte er das Waschprogramm und lies es laufen .;Bernd betrat den Kiosk . Schnell wählte er das Waschprogramm;Waschprogramm;0.0;1.3;1.142857143;Kiosk;19.51607084274292;13.786209926009178
38;a;Nicole ging in den Zirkus. Bald setzte sie sich auf die Tribüne und schaute sich das Spektakel an.;Nicole ging in den Zirkus . Bald setzte sie sich auf die Tribüne und schaute sich das Spektakel an .;Nicole ging in den Zirkus . Bald setzte sie sich auf die Tribüne;Tribüne;0.0;5.8;6.714285714;Zirkus;6.329113960266113;8.087995739188045
38;b;Nicole verließ den Zirkus. Bald setzte sie sich auf die Tribüne und schaute sich das Spektakel an.;Nicole verließ den Zirkus . Bald setzte sie sich auf die Tribüne und schaute sich das Spektakel an .;Nicole verließ den Zirkus . Bald setzte sie sich auf die Tribüne;Tribüne;0.0;5.8;2.333333333;Zirkus;6.770867347717285;8.547037369338796
38;c;Nicole ging ins Büro. Bald setzte sie sich auf die Tribüne und schaute sich das Spektakel an.;Nicole ging ins Büro . Bald setzte sie sich auf die Tribüne und schaute sich das Spektakel an .;Nicole ging ins Büro . Bald setzte sie sich auf die Tribüne;Tribüne;0.0;1.2;1.545454545;Büro;9.032048225402832;12.37050195876509
39;a;Viktor ging in die Sauna. Nach einer Weile machte er  einen Aufguss und legte sich hin.;Viktor ging in die Sauna . Nach einer Weile machte er einen Aufguss und legte sich hin .;Viktor ging in die Sauna . Nach einer Weile machte er einen Aufguss;Aufguss;0.3;6.45;6.0;Sauna;13.7772479057312;7.159758795052767
39;b;Viktor verließ die Sauna. Nach einer Weile machte er  einen Aufguss und legte sich hin.;Viktor verließ die Sauna . Nach einer Weile machte er einen Aufguss und legte sich hin .;Viktor verließ die Sauna . Nach einer Weile machte er einen Aufguss;Aufguss;0.0;6.45;1.571428571;Sauna;16.638087272644043;11.970529035665095
39;c;Viktor ging ins Labor. Nach einer Weile machte er  einen Aufguss und legte sich hin.;Viktor ging ins Labor . Nach einer Weile machte er einen Aufguss und legte sich hin .;Viktor ging ins Labor . Nach einer Weile machte er einen Aufguss;Aufguss;0.0;2.0;2.166666667;Labor;16.586337566375732;13.633920330554247
40;a;Gabi ging zum Tierarzt. Einen Moment später fragte sie die Arzthelferin nach Medikamenten.;Gabi ging zum Tierarzt . Einen Moment später fragte sie die Arzthelferin nach Medikamenten .;Gabi ging zum Tierarzt . Einen Moment später fragte sie die Arzthelferin;Arzthelferin;0.0;6.0;6.25;Tierarzt;12.342661388218405;4.094179765786976
40;b;Gabi verließ den Tierarzt. Einen Moment später fragte sie die Arzthelferin nach Medikamenten.;Gabi verließ den Tierarzt . Einen Moment später fragte sie die Arzthelferin nach Medikamenten .;Gabi verließ den Tierarzt . Einen Moment später fragte sie die Arzthelferin;Arzthelferin;0.0;6.0;2.545454545;Tierarzt;12.442940443754196;7.599882163631264
40;c;Gabi ging in die Umkleide. Einen Moment später fragte sie die Arzthelferin nach Medikamenten.;Gabi ging in die Umkleide . Einen Moment später fragte sie die Arzthelferin nach Medikamenten .;Gabi ging in die Umkleide . Einen Moment später fragte sie die Arzthelferin;Arzthelferin;0.0;1.25;3.285714286;Umkleide;12.55162538588047;12.178790874721017
41;a;Jakob betrat den Tatort. Kurz darauf fotografierte er die Blutspritzer und war erstaunt.;Jakob betrat den Tatort . Kurz darauf fotografierte er die Blutspritzer und war erstaunt .;Jakob betrat den Tatort . Kurz darauf fotografierte er die Blutspritzer;Blutspritzer;0.0;6.35;7.0;Tatort;16.32606413960457;9.509355719201267
41;b;Jakob verließ den Tatort. Kurz darauf fotografierte er die Blutspritzer und war erstaunt.;Jakob verließ den Tatort . Kurz darauf fotografierte er die Blutspritzer und war erstaunt .;Jakob verließ den Tatort . Kurz darauf fotografierte er die Blutspritzer;Blutspritzer;0.0;6.35;2.083333333;Tatort;16.01792038232088;10.01649586064741
41;c;Jakob betrat die Tankstelle. Kurz darauf fotografierte er die Blutspritzer und war erstaunt.;Jakob betrat die Tankstelle . Kurz darauf fotografierte er die Blutspritzer und war erstaunt .;Jakob betrat die Tankstelle . Kurz darauf fotografierte er die Blutspritzer;Blutspritzer;0.0;1.4;2.909090909;Tankstelle;15.358755744993688;17.956744053401053
42;a;Peter begann Bäume zu fällen. Nach einer Weile benutzte sie die Axt und traf gezielt den Stamm.;Peter begann Bäume zu fällen . Nach einer Weile benutzte sie die Axt und traf gezielt den Stamm .;Peter begann Bäume zu fällen . Nach einer Weile benutzte sie die Axt;Axt;0.5;6.55;4.636363636;Bäume;8.357944816350937;3.2594912433996797
42;b;Peter hörte auf Bäume zu fällen. Nach einer Weile benutzte sie die Axt und traf gezielt den Stamm.;Peter hörte auf Bäume zu fällen . Nach einer Weile benutzte sie die Axt und traf gezielt den Stamm .;Peter hörte auf Bäume zu fällen . Nach einer Weile benutzte sie die Axt;Axt;0.1;6.55;1.142857143;Bäume;8.404935464262962;5.437452882528305
42;c;Peter begann die Kutsche zu fahren. Nach einer Weile benutzte sie die Axt und traf gezielt den Stamm.;Peter begann die Kutsche zu fahren . Nach einer Weile benutzte sie die Axt und traf gezielt den Stamm .;Peter begann die Kutsche zu fahren . Nach einer Weile benutzte sie die Axt;Axt;0.0;1.2;1.583333333;Kutsche;14.223464488983154;13.01087999343872
43;a;Tom begann ein Lagerfeuer. Sofort stapelte er das Holz und zündete es an.;Tom begann ein Lagerfeuer . Sofort stapelte er das Holz und zündete es an .;Tom begann ein Lagerfeuer . Sofort stapelte er das Holz;Holz;1.0;6.85;6.0;Lagerfeuer;4.3048248291015625;0.904827892780304
43;b;Tom beendete das Lagerfeuer. Sofort stapelte er das Holz und zündete es an.;Tom beendete das Lagerfeuer . Sofort stapelte er das Holz und zündete es an .;Tom beendete das Lagerfeuer . Sofort stapelte er das Holz;Holz;0.8;6.85;3.181818182;Lagerfeuer;4.032486915588379;0.9641491174697876
43;c;Tom begann Frühstück zu machen. Sofort stapelte er das Holz und zündete es an.;Tom begann Frühstück zu machen . Sofort stapelte er das Holz und zündete es an .;Tom begann Frühstück zu machen . Sofort stapelte er das Holz;Holz;0.0;1.35;1.428571429;Frühstück;7.6859540939331055;4.8761491775512695
44;a;Kim ging zum Weihnachtsmarkt. Kurz darauf erreichte er die Weihnachtskiosks und stöberte nach Geschenken.;Kim ging zum Weihnachtsmarkt . Kurz darauf erreichte er die Weihnachtskiosks und stöberte nach Geschenken .;Kim ging zum Weihnachtsmarkt . Kurz darauf erreichte er die Weihnachtskiosks;Weihnachtskiosks;0.0;6.0;6.714285714;Weihnachtsmarkt;35.16775679588318;28.11797071597539
44;b;Kim verließ den Weihnachtsmarkt. Kurz darauf erreichte er die Weihnachtskiosks und stöberte nach Geschenken.;Kim verließ den Weihnachtsmarkt . Kurz darauf erreichte er die Weihnachtskiosks und stöberte nach Geschenken .;Kim verließ den Weihnachtsmarkt . Kurz darauf erreichte er die Weihnachtskiosks;Weihnachtskiosks;0.0;6.0;2.25;Weihnachtsmarkt;34.056260108947754;33.66302154958248
44;c;Kim ging ins Krankenhaus. Kurz darauf erreichte er die Weihnachtskiosks und stöberte nach Geschenken.;Kim ging ins Krankenhaus . Kurz darauf erreichte er die Weihnachtskiosks und stöberte nach Geschenken .;Kim ging ins Krankenhaus . Kurz darauf erreichte er die Weihnachtskiosks;Weihnachtskiosks;0.0;1.1;1.818181818;Krankenhaus;38.16733276844025;40.61525162681937
45;a;Michael begann sein Mittagessen zu kochen. Schnell schnitt er das Gemüse und warf es in den Topf.;Michael begann sein Mittagessen zu kochen . Schnell schnitt er das Gemüse und warf es in den Topf .;Michael begann sein Mittagessen zu kochen . Schnell schnitt er das Gemüse;Gemüse;0.1;5.9;6.727272727;Mittagessen;3.679415702819824;2.002693593967706
45;b;Michael war fertig sein Mittagessen zu kochen. Schnell schnitt er das Gemüse und warf es in den Topf.;Michael war fertig sein Mittagessen zu kochen . Schnell schnitt er das Gemüse und warf es in den Topf .;Michael war fertig sein Mittagessen zu kochen . Schnell schnitt er das Gemüse;Gemüse;0.0;5.9;1.571428571;Mittagessen;3.958807945251465;2.477512630983256
45;c;Michael begann einen Kuchen zu backen. Schnell schnitt er das Gemüse und warf es in den Topf.;Michael begann einen Kuchen zu backen . Schnell schnitt er das Gemüse und warf es in den Topf .;Michael begann einen Kuchen zu backen . Schnell schnitt er das Gemüse;Gemüse;0.0;2.1;2.666666667;Kuchen;5.671108245849609;4.359428818337619
46;a;Johann betrat die Wohnung. Sofort setzte er sich aufs Bett und dachte über den Tag nach.;Johann betrat die Wohnung . Sofort setzte er sich aufs Bett und dachte über den Tag nach .;Johann betrat die Wohnung . Sofort setzte er sich aufs Bett;Bett;0.0;6.4;6.416666667;Wohnung;1.3643277883529663;1.4529498487245291
46;b;Johann verließ die Wohnung. Sofort setzte er sich aufs Bett und dachte über den Tag nach.;Johann verließ die Wohnung . Sofort setzte er sich aufs Bett und dachte über den Tag nach .;Johann verließ die Wohnung . Sofort setzte er sich aufs Bett;Bett;0.0;6.4;1.545454545;Wohnung;3.462160587310791;4.163131348788738
46;c;Johann betrat das Kino. Sofort setzte er sich aufs Bett und dachte über den Tag nach.;Johann betrat das Kino . Sofort setzte er sich aufs Bett und dachte über den Tag nach .;Johann betrat das Kino . Sofort setzte er sich aufs Bett;Bett;0.0;1.25;1.285714286;Kino;2.768714427947998;6.867805361747742
47;a;Sabine betrat die Schule. Schnell ging sie zum Klassensaal und grüßte die Schüler.;Sabine betrat die Schule . Schnell ging sie zum Klassensaal und grüßte die Schüler .;Sabine betrat die Schule . Schnell ging sie zum Klassensaal;Klassensaal;0.4;6.8;6.857142857;Schule;20.99092197418213;14.521895911544561
47;b;Sabine verließ die Schule. Schnell ging sie zum Klassensaal und grüßte die Schüler.;Sabine verließ die Schule . Schnell ging sie zum Klassensaal und grüßte die Schüler .;Sabine verließ die Schule . Schnell ging sie zum Klassensaal;Klassensaal;0.0;6.8;4.166666667;Schule;24.5286808013916;21.989470303058624
47;c;Sabine betrat den Bauernhof. Schnell ging sie zum Klassensaal und grüßte die Schüler.;Sabine betrat den Bauernhof . Schnell ging sie zum Klassensaal und grüßte die Schüler .;Sabine betrat den Bauernhof . Schnell ging sie zum Klassensaal;Klassensaal;0.0;1.7;3.818181818;Bauernhof;22.78016471862793;25.996079753153026
48;a;Kevin betrat die Kirche. Vorsichtig nahm er eine Kerze und zündete sie an.;Kevin betrat die Kirche . Vorsichtig nahm er eine Kerze und zündete sie an .;Kevin betrat die Kirche . Vorsichtig nahm er eine Kerze;Kerze;0.1;5.35;6.090909091;Kirche;6.69913937151432;1.6876288526691496
48;b;Kevin verließ die Kirche. Vorsichtig nahm er eine Kerze und zündete sie an.;Kevin verließ die Kirche . Vorsichtig nahm er eine Kerze und zündete sie an .;Kevin verließ die Kirche . Vorsichtig nahm er eine Kerze;Kerze;0.0;5.35;3.285714286;Kirche;7.818845145404339;5.180742133408785
48;c;Kevin betrat die Arztpraxis. Vorsichtig nahm er eine Kerze und zündete sie an.;Kevin betrat die Arztpraxis . Vorsichtig nahm er eine Kerze und zündete sie an .;Kevin betrat die Arztpraxis . Vorsichtig nahm er eine Kerze;Kerze;0.0;1.35;1.833333333;Arztpraxis;11.833449348807337;10.185658156871796
49;a;Susi betrat das Gehege. Präzise begutachtete sie das Kalb und machte sich Notizen.;Susi betrat das Gehege . Präzise begutachtete sie das Kalb und machte sich Notizen .;Susi betrat das Gehege . Präzise begutachtete sie das Kalb;Kalb;0.0;4.45;6.166666667;Gehege;6.639047622680664;13.459119737148285
49;b;Susi verließ das Gehege. Präzise begutachtete sie das Kalb und machte sich Notizen.;Susi verließ das Gehege . Präzise begutachtete sie das Kalb und machte sich Notizen .;Susi verließ das Gehege . Präzise begutachtete sie das Kalb;Kalb;0.0;4.45;3.272727273;Gehege;6.957372188568115;15.82622355222702
49;c;Susi betrat die Bücherei. Präzise begutachtete sie das Kalb und machte sich Notizen.;Susi betrat die Bücherei . Präzise begutachtete sie das Kalb und machte sich Notizen .;Susi betrat die Bücherei . Präzise begutachtete sie das Kalb;Kalb;0.0;1.35;1.714285714;Bücherei;17.760740280151367;19.573352336883545
50;a;Thomas betrat die Kneipe. In Eile rief er den Kellner und bestellte ein Bier.;Thomas betrat die Kneipe . In Eile rief er den Kellner und bestellte ein Bier .;Thomas betrat die Kneipe . In Eile rief er den Kellner;Kellner;0.1;6.1;6.428571429;Kneipe;5.0189313888549805;2.583794604288414
50;b;Thomas verließ die Kneipe. In Eile rief er den Kellner und bestellte ein Bier.;Thomas verließ die Kneipe . In Eile rief er den Kellner und bestellte ein Bier .;Thomas verließ die Kneipe . In Eile rief er den Kellner;Kellner;0.0;6.1;2.0;Kneipe;7.76580286026001;6.33686212846078
50;c;Thomas begann Spaghetti zu kochen. In Eile rief er den Kellner und bestellte ein Bier.;Thomas begann Spaghetti zu kochen . In Eile rief er den Kellner und bestellte ein Bier .;Thomas begann Spaghetti zu kochen . In Eile rief er den Kellner;Kellner;0.0;3.05;1.090909091;Spaghetti;6.546571731567383;5.432599775493145
51;a;Lea begann die Wände zu streichen. Schnell wählte sie einen Pinsel und fing an zu streichen.;Lea begann die Wände zu streichen . Schnell wählte sie einen Pinsel und fing an zu streichen .;Lea begann die Wände zu streichen . Schnell wählte sie einen Pinsel;Pinsel;0.0;6.75;5.363636364;Wände;10.01339054107666;9.146936004981399
51;b;Lea war fertig die Wände zu streichen. Schnell wählte sie einen Pinsel und fing an zu streichen.;Lea war fertig die Wände zu streichen . Schnell wählte sie einen Pinsel und fing an zu streichen .;Lea war fertig die Wände zu streichen . Schnell wählte sie einen Pinsel;Pinsel;0.1;6.75;2.285714286;Wände;10.872397422790527;7.762252611108124
51;c;Lea erreichte das Theater. Schnell wählte sie einen Pinsel und fing an zu streichen.;Lea erreichte das Theater . Schnell wählte sie einen Pinsel und fing an zu streichen .;Lea erreichte das Theater . Schnell wählte sie einen Pinsel;Pinsel;0.0;1.55;1.416666667;Theater;16.214614868164062;17.313024949282408
52;a;Peter erreichte den Supermarkt. Schnell kaufte er etwas Gemüse zum kochen am Abend.;Peter erreichte den Supermarkt . Schnell kaufte er etwas Gemüse zum kochen am Abend .;Peter erreichte den Supermarkt . Schnell kaufte er etwas Gemüse;Gemüse;0.0;5.95;6.5;Supermarkt;8.01339054107666;9.001896020723507
52;b;Peter verließ den Supermarkt. Schnell kaufte er etwas Gemüse zum kochen am Abend.;Peter verließ den Supermarkt . Schnell kaufte er etwas Gemüse zum kochen am Abend .;Peter verließ den Supermarkt . Schnell kaufte er etwas Gemüse;Gemüse;0.0;5.95;3.090909091;Supermarkt;8.399971008300781;10.50465745665133
52;c;Peter erreichte den Bahnhof. Schnell kaufte er etwas Gemüse zum kochen am Abend.;Peter erreichte den Bahnhof . Schnell kaufte er etwas Gemüse zum kochen am Abend .;Peter erreichte den Bahnhof . Schnell kaufte er etwas Gemüse;Gemüse;0.0;1.3;3.428571429;Bahnhof;10.863713264465332;12.90548650920391
53;a;Lisa betrat das Haus. Kurz danach checkte sie den Kühlschrank und suchte etwas zu essen.;Lisa betrat das Haus . Kurz danach checkte sie den Kühlschrank und suchte etwas zu essen .;Lisa betrat das Haus . Kurz danach checkte sie den Kühlschrank;Kühlschrank;0.4;5.45;6.714285714;Haus;6.678811073303223;2.8505136554595083
53;b;Lisa verließ das Haus. Kurz danach checkte sie den Kühlschrank und suchte etwas zu essen.;Lisa verließ das Haus . Kurz danach checkte sie den Kühlschrank und suchte etwas zu essen .;Lisa verließ das Haus . Kurz danach checkte sie den Kühlschrank;Kühlschrank;0.0;5.45;1.916666667;Haus;6.742096900939941;6.036127605475485
53;c;Lisa begann im Fitnessstudio zu trainieren. Kurz danach checkte sie den Kühlschrank und suchte etwas zu essen.;Lisa begann im Fitnessstudio zu trainieren . Kurz danach checkte sie den Kühlschrank und suchte etwas zu essen .;Lisa begann im Fitnessstudio zu trainieren . Kurz danach checkte sie den Kühlschrank;Kühlschrank;0.0;1.75;2.363636364;Fitnessstudio;11.666496276855469;13.215176217257977
54;a;Tim begann seine Fahrstunde. Hektisch drückte er aufs Gaspedal und fuhr los.;Tim begann seine Fahrstunde . Hektisch drückte er aufs Gaspedal und fuhr los .;Tim begann seine Fahrstunde . Hektisch drückte er aufs Gaspedal;Gaspedal;0.6;6.0;6.545454545;Fahrstunde;0.8481780763540883;1.0007291399524547
54;b;Tim beendete seine Fahrstunde. Hektisch drückte er aufs Gaspedal und fuhr los.;Tim beendete seine Fahrstunde . Hektisch drückte er aufs Gaspedal und fuhr los .;Tim beendete seine Fahrstunde . Hektisch drückte er aufs Gaspedal;Gaspedal;0.0;6.0;3.714285714;Fahrstunde;0.8144714042136911;1.4409152031730628
54;c;Tim ging zum Flughafen. Hektisch drückte er aufs Gaspedal und fuhr los.;Tim ging zum Flughafen . Hektisch drückte er aufs Gaspedal und fuhr los .;Tim ging zum Flughafen . Hektisch drückte er aufs Gaspedal;Gaspedal;0.0;1.55;1.583333333;Flughafen;2.759666595666204;1.5122788582229987
55;a;Maria erreichte das Einkaufszentrum. Sofort begrüßte sie die Verkäuferin und suchte etwas aus.;Maria erreichte das Einkaufszentrum . Sofort begrüßte sie die Verkäuferin und suchte etwas aus .;Maria erreichte das Einkaufszentrum . Sofort begrüßte sie die Verkäuferin;Verkäuferin;0.1;6.55;6.083333333;Einkaufszentrum;9.390273716300726;5.982408588170074
55;b;Maria verließ das Einkaufszentrum. Sofort begrüßte sie die Verkäuferin und suchte etwas aus.;Maria verließ das Einkaufszentrum . Sofort begrüßte sie die Verkäuferin und suchte etwas aus .;Maria verließ das Einkaufszentrum . Sofort begrüßte sie die Verkäuferin;Verkäuferin;0.0;6.55;2.727272727;Einkaufszentrum;7.673759069759399;12.621159470058046
55;c;Maria erreichte die Geburtstagsfeier. Sofort begrüßte sie die Verkäuferin und suchte etwas aus.;Maria erreichte die Geburtstagsfeier . Sofort begrüßte sie die Verkäuferin und suchte etwas aus .;Maria erreichte die Geburtstagsfeier . Sofort begrüßte sie die Verkäuferin;Verkäuferin;0.0;1.85;2.142857143;Geburtstagsfeier;14.439960639923813;12.015903229941614
56;a;Lukas begann die Vorlesung. Eilig begrüßte er seine Studenten und fing an.;Lukas begann die Vorlesung . Eilig begrüßte er seine Studenten und fing an .;Lukas begann die Vorlesung . Eilig begrüßte er seine Studenten;Studenten;0.5;6.75;6.428571429;Vorlesung;3.855928659439087;2.8443002849817276
56;b;Lukas beendete die Vorlesung. Eilig begrüßte er seine Studenten und fing an.;Lukas beendete die Vorlesung . Eilig begrüßte er seine Studenten und fing an .;Lukas beendete die Vorlesung . Eilig begrüßte er seine Studenten;Studenten;0.3;6.75;1.833333333;Vorlesung;3.712872743606568;5.855285078287125
56;c;Lukas ging zum Friseur. Eilig begrüßte er seine Studenten und fing an.;Lukas ging zum Friseur . Eilig begrüßte er seine Studenten und fing an .;Lukas ging zum Friseur . Eilig begrüßte er seine Studenten;Studenten;0.0;1.65;1.909090909;Friseur;12.074594497680664;14.43657699227333
57;a;Marie ging zur Uni. In Eile betrat sie den Hörsaal und öffnete ihr Buch.;Marie ging zur Uni . In Eile betrat sie den Hörsaal und öffnete ihr Buch .;Marie ging zur Uni . In Eile betrat sie den Hörsaal;Hörsaal;0.4;6.7;6.909090909;Uni;6.257745399023406;2.190855694352649
57;b;Marie verließ die Uni. In Eile betrat sie den Hörsaal und öffnete ihr Buch.;Marie verließ die Uni . In Eile betrat sie den Hörsaal und öffnete ihr Buch .;Marie verließ die Uni . In Eile betrat sie den Hörsaal;Hörsaal;0.1;6.7;1.142857143;Uni;7.126289234496653;8.326342525426298
57;c;Marie ging duschen. In Eile betrat sie den Hörsaal und öffnete ihr Buch.;Marie ging duschen . In Eile betrat sie den Hörsaal und öffnete ihr Buch .;Marie ging duschen . In Eile betrat sie den Hörsaal;Hörsaal;0.0;1.2;1.416666667;duschen;13.322502048686149;12.837537396000698
58;a;Thorsten begann zu grillen. Behutsam platzierte er den Grillanzünder und suchte die Zange.;Thorsten begann zu grillen . Behutsam platzierte er den Grillanzünder und suchte die Zange .;Thorsten begann zu grillen . Behutsam platzierte er den Grillanzünder;Grillanzünder;0.0;6.75;6.75;grillen;14.275290925055742;6.662171106785536
58;b;Thorsten hörte auf zu grillen. Behutsam platzierte er den Grillanzünder und suchte die Zange.;Thorsten hörte auf zu grillen . Behutsam platzierte er den Grillanzünder und suchte die Zange .;Thorsten hörte auf zu grillen . Behutsam platzierte er den Grillanzünder;Grillanzünder;0.0;6.75;2.454545455;grillen;14.899196425452828;9.035989018157125
58;c;Thorsten betrat den Blumenladen. Behutsam platzierte er den Grillanzünder und suchte die Zange.;Thorsten betrat den Blumenladen . Behutsam platzierte er den Grillanzünder und suchte die Zange .;Thorsten betrat den Blumenladen . Behutsam platzierte er den Grillanzünder;Grillanzünder;0.0;1.35;1.428571429;Blumenladen;20.70373244956136;24.95315802283585
59;a;Claudia betrat das Tiergeschäft. Eine Zeit lang stand sie am Käfig und dachte über den Kauf nach.;Claudia betrat das Tiergeschäft . Eine Zeit lang stand sie am Käfig und dachte über den Kauf nach .;Claudia betrat das Tiergeschäft . Eine Zeit lang stand sie am Käfig;Käfig;0.1;6.25;6.428571429;Tiergeschäft;11.113883972167969;3.689512832032051
59;b;Claudia verließ das Tiergeschäft. Eine Zeit lang stand sie am Käfig und dachte über den Kauf nach.;Claudia verließ das Tiergeschäft . Eine Zeit lang stand sie am Käfig und dachte über den Kauf nach .;Claudia verließ das Tiergeschäft . Eine Zeit lang stand sie am Käfig;Käfig;0.0;6.25;2.416666667;Tiergeschäft;12.214710235595703;11.868394434452057
59;c;Claudia betrat den Friedhof. Eine Zeit lang stand sie am Käfig und dachte über den Kauf nach.;Claudia betrat den Friedhof . Eine Zeit lang stand sie am Käfig und dachte über den Kauf nach .;Claudia betrat den Friedhof . Eine Zeit lang stand sie am Käfig;Käfig;0.0;1.3;2.363636364;Friedhof;16.000778198242188;15.984204098582268
60;a;Jonathan ging in die Küche. Eine Weile säuberte er den Ofen und danach den Kühlschrank.;Jonathan ging in die Küche . Eine Weile säuberte er den Ofen und danach den Kühlschrank .;Jonathan ging in die Küche . Eine Weile säuberte er den Ofen;Ofen;0.2;6.5;6.181818182;Küche;4.442361354827881;7.338896333239973
60;b;Jonathan verließ die Küche. Eine Weile säuberte er den Ofen und danach den Kühlschrank.;Jonathan verließ die Küche . Eine Weile säuberte er den Ofen und danach den Kühlschrank .;Jonathan verließ die Küche . Eine Weile säuberte er den Ofen;Ofen;0.0;6.5;3.285714286;Küche;5.5079874992370605;7.415211388841271
60;c;Jonathan ging in den Garten. Eine Weile säuberte er den Ofen und danach den Kühlschrank.;Jonathan ging in den Garten . Eine Weile säuberte er den Ofen und danach den Kühlschrank .;Jonathan ging in den Garten . Eine Weile säuberte er den Ofen;Ofen;0.0;1.6;2.416666667;Garten;12.533249855041504;9.900695903692394
61;a;Lara ging zum Herd. Schnell reinigte sie die Herdplatte und dann die Abzugshaube.;Lara ging zum Herd . Schnell reinigte sie die Herdplatte und dann die Abzugshaube .;Lara ging zum Herd . Schnell reinigte sie die Herdplatte;Herdplatte;0.6;6.75;6.333333333;Herd;7.980558276176453;5.622599624097347
61;b;Lara ging weg vom Herd. Schnell reinigte sie die Herdplatte und dann die Abzugshaube.;Lara ging weg vom Herd . Schnell reinigte sie die Herdplatte und dann die Abzugshaube .;Lara ging weg vom Herd . Schnell reinigte sie die Herdplatte;Herdplatte;0.1;6.75;2.727272727;Herd;8.005673259496689;5.1944326758384705
61;c;Lara ging ins Museum. Schnell reinigte sie die Herdplatte und dann die Abzugshaube.;Lara ging ins Museum . Schnell reinigte sie die Herdplatte und dann die Abzugshaube .;Lara ging ins Museum . Schnell reinigte sie die Herdplatte;Herdplatte;0.0;1.25;1.142857143;Museum;18.61183100938797;17.50398825109005
62;a;Roman ging in die Buchhandlung. Schnell suchte er einen Roman für seine Frau.;Roman ging in die Buchhandlung . Schnell suchte er einen Roman für seine Frau .;Roman ging in die Buchhandlung . Schnell suchte er einen Roman;Roman;0.2;6.6;6.857142857;Buchhandlung;11.26915454864502;3.020116090774536
62;b;Roman verließ die Buchhandlung. Schnell suchte er einen Roman für seine Frau.;Roman verließ die Buchhandlung . Schnell suchte er einen Roman für seine Frau .;Roman verließ die Buchhandlung . Schnell suchte er einen Roman;Roman;0.0;6.6;2.25;Buchhandlung;13.35740566253662;14.900136947631836
62;c;Roman ging zum Konditor. Schnell suchte er einen Roman für seine Frau.;Roman ging zum Konditor . Schnell suchte er einen Roman für seine Frau .;Roman ging zum Konditor . Schnell suchte er einen Roman;Roman;0.0;1.25;1.727272727;Konditor;14.550151824951172;14.862346649169922
63;a;Annika ging in die Boutique. Eine Zeit lang suchte sie nach Stiefeln und kaufte sie dann.;Annika ging in die Boutique . Eine Zeit lang suchte sie nach Stiefeln und kaufte sie dann .;Annika ging in die Boutique . Eine Zeit lang suchte sie nach Stiefeln;Stiefeln;0.0;4.55;5.545454545;Boutique;14.065222129225733;12.828751441091299
63;b;Annika verließ die Boutique. Eine Zeit lang suchte sie nach Stiefeln und kaufte sie dann.;Annika verließ die Boutique . Eine Zeit lang suchte sie nach Stiefeln und kaufte sie dann .;Annika verließ die Boutique . Eine Zeit lang suchte sie nach Stiefeln;Stiefeln;0.0;4.55;3.0;Boutique;15.476758822798727;15.351399809122086
63;c;Annika ging ins Spa. Eine Zeit lang suchte sie nach Stiefeln und kaufte sie dann.;Annika ging ins Spa . Eine Zeit lang suchte sie nach Stiefeln und kaufte sie dann .;Annika ging ins Spa . Eine Zeit lang suchte sie nach Stiefeln;Stiefeln;0.0;1.15;1.75;Spa;16.610697969794273;15.328242868185043
64;a;Emil betrat die Apotheke. Schnell kaufte er das Medikament und ging dann nach Hause.;Emil betrat die Apotheke . Schnell kaufte er das Medikament und ging dann nach Hause .;Emil betrat die Apotheke . Schnell kaufte er das Medikament;Medikament;0.2;6.85;6.583333333;Apotheke;4.51507568359375;4.353552262764424
64;b;Emil verließ die Apotheke. Schnell kaufte er das Medikament und ging nach Hause.;Emil verließ die Apotheke . Schnell kaufte er das Medikament und ging nach Hause .;Emil verließ die Apotheke . Schnell kaufte er das Medikament;Medikament;0.0;6.85;1.363636364;Apotheke;7.32897138595581;6.992299914825708
64;c;Emil betrat die Reitschule. Schnell kaufte er das Medikament und ging nach Hause.;Emil betrat die Reitschule . Schnell kaufte er das Medikament und ging nach Hause .;Emil betrat die Reitschule . Schnell kaufte er das Medikament;Medikament;0.0;1.3;1.285714286;Reitschule;16.09467315673828;13.962179948575795
65;a;Susanne betrat das Bad. Sofort entfernte sie ihr Makeup und putzte sich die Zähne.;Susanne betrat das Bad . Sofort entfernte sie ihr Makeup und putzte sich die Zähne .;Susanne betrat das Bad . Sofort entfernte sie ihr Makeup;Makeup;0.1;6.5;6.428571429;Bad;14.034656904637814;5.689479351043701
65;b;Susanne verließ das Bad. Sofort entfernte sie ihr Makeup und putzte sich die Zähne.;Susanne verließ das Bad . Sofort entfernte sie ihr Makeup und putzte sich die Zähne .;Susanne verließ das Bad . Sofort entfernte sie ihr Makeup;Makeup;0.0;6.5;5.0;Bad;13.542949818074703;5.625009775161743
65;c;Susanne ging zur Sicherheitskontrolle. Sofort entfernte sie ihr Makeup und putzte sich die Zähne.;Susanne ging zur Sicherheitskontrolle . Sofort entfernte sie ihr Makeup und putzte sich die Zähne .;Susanne ging zur Sicherheitskontrolle . Sofort entfernte sie ihr Makeup;Makeup;0.0;1.2;2.0;Sicherheitskontrolle;15.326656519435346;10.307378053665161
66;a;Martin kam zur Autowerkstatt. Umgehend fragte er nach den Reifen für den Winter.;Martin kam zur Autowerkstatt . Umgehend fragte er nach den Reifen für den Winter .;Martin kam zur Autowerkstatt . Umgehend fragte er nach den Reifen;Reifen;0.0;6.55;5.909090909;Autowerkstatt;5.055598735809326;6.359651565551758
66;b;Martin verließ die Autowerkstatt. Umgehend fragte er nach den Reifen für den Winter.;Martin verließ die Autowerkstatt . Umgehend fragte er nach den Reifen für den Winter .;Martin verließ die Autowerkstatt . Umgehend fragte er nach den Reifen;Reifen;0.0;6.55;2.571428571;Autowerkstatt;6.505080699920654;12.223159790039062
66;c;Martin kam zur Hotelrezeption. Umgehend fragte er nach den Reifen für den Winter.;Martin kam zur Hotelrezeption . Umgehend fragte er nach den Reifen für den Winter .;Martin kam zur Hotelrezeption . Umgehend fragte er nach den Reifen;Reifen;0.0;1.3;1.583333333;Hotelrezeption;14.34023380279541;15.129661083221436
67;a;Jutta ging zur Post. Umgehend bekam sie das Paket auf das sie gewartet hatte.;Jutta ging zur Post . Umgehend bekam sie das Paket auf das sie gewartet hatte .;Jutta ging zur Post . Umgehend bekam sie das Paket;Paket;0.3;6.6;6.583333333;Post;4.837538242340088;3.240084233460948
67;b;Jutta verließ die Post. Umgehend bekam sie das Paket auf das sie gewartet hatte.;Jutta verließ die Post . Umgehend bekam sie das Paket auf das sie gewartet hatte .;Jutta verließ die Post . Umgehend bekam sie das Paket;Paket;0.0;6.6;2.545454545;Post;6.761045932769775;9.968173725996166
67;c;Jutta ging zum Zahnarzt. Umgehend bekam sie das Paket auf das sie gewartet hatte.;Jutta ging zum Zahnarzt . Umgehend bekam sie das Paket auf das sie gewartet hatte .;Jutta ging zum Zahnarzt . Umgehend bekam sie das Paket;Paket;0.0;1.45;2.0;Zahnarzt;8.972535133361816;13.97932339599356
68;a;Jens ging zur Zollstelle. Schnell zeigte er sein Formular und schaute den Beamten an.;Jens ging zur Zollstelle . Schnell zeigte er sein Formular und schaute den Beamten an .;Jens ging zur Zollstelle . Schnell zeigte er sein Formular;Formular;0.0;5.7;6.571428571;Zollstelle;17.14044761657715;8.678196795284748
68;b;Jens verließ die Zollstelle. Schnell zeigte er sein Formular und schaute den Beamten an.;Jens verließ die Zollstelle . Schnell zeigte er sein Formular und schaute den Beamten an .;Jens verließ die Zollstelle . Schnell zeigte er sein Formular;Formular;0.0;5.7;2.25;Zollstelle;19.389694213867188;13.959866762161255
68;c;Jens begann Poker zu spielen. Schnell zeigte er sein Formular und schaute den Beamten an.;Jens begann Poker zu spielen . Schnell zeigte er sein Formular und schaute den Beamten an .;Jens begann Poker zu spielen . Schnell zeigte er sein Formular;Formular;0.0;1.8;1.727272727;Poker;22.05093765258789;19.86921787261963
69;a;Elena begann zu zeichnen. Umgehend nahm sie den Stift und zeichnete eine Blume.;Elena begann zu zeichnen . Umgehend nahm sie den Stift und zeichnete eine Blume .;Elena begann zu zeichnen . Umgehend nahm sie den Stift;Stift;0.4;6.15;6.636363636;zeichnen;9.809266090393066;3.5290631502866745
69;b;Elena hörte auf zu zeichnen. Umgehend nahm sie den Stift und zeichnete eine Blume.;Elena hörte auf zu zeichnen . Umgehend nahm sie den Stift und zeichnete eine Blume .;Elena hörte auf zu zeichnen . Umgehend nahm sie den Stift;Stift;0.0;6.15;2.142857143;zeichnen;7.487201690673828;1.936872685328126
69;c;Elena begann den Urlaub. Umgehend nahm sie den Stift und zeichnete eine Blume.;Elena begann den Urlaub . Umgehend nahm sie den Stift und zeichnete eine Blume .;Elena begann den Urlaub . Umgehend nahm sie den Stift;Stift;0.0;1.6;2.5;Urlaub;10.218682289123535;10.338700771331787
70;a;Bruno begann seinen Filmabend. Schnell besorgte er das Popcorn aus der Küche.;Bruno begann seinen Filmabend . Schnell besorgte er das Popcorn aus der Küche .;Bruno begann seinen Filmabend . Schnell besorgte er das Popcorn;Popcorn;0.4;6.45;5.583333333;Filmabend;17.371592399082147;6.09984503465239
70;b;Bruno beendete seinen Filmabend. Schnell besorgte er das Popcorn aus der Küche.;Bruno beendete seinen Filmabend . Schnell besorgte er das Popcorn aus der Küche .;Bruno beendete seinen Filmabend . Schnell besorgte er das Popcorn;Popcorn;0.1;6.45;2.0;Filmabend;17.097048982046545;10.347113899944816
70;c;Bruno betrat das Bürgeramt. Schnell besorgte er das Popcorn aus der Küche.;Bruno betrat das Bürgeramt . Schnell besorgte er das Popcorn aus der Küche .;Bruno betrat das Bürgeramt . Schnell besorgte er das Popcorn;Popcorn;0.0;1.15;1.571428571;Bürgeramt;19.593980472069237;19.61693931184709
71;a;Jana betrat das Gartencenter. Nach einer Weile fragte sie nach einer Palme für den Balkon.;Jana betrat das Gartencenter . Nach einer Weile fragte sie nach einer Palme für den Balkon .;Jana betrat das Gartencenter . Nach einer Weile fragte sie nach einer Palme;Palme;0.0;5.65;6.571428571;Gartencenter;13.072797864675522;9.321258038282394
71;b;Jana verließ das Gartencenter. Nach einer Weile fragte sie nach einer Palme für den Balkon.;Jana verließ das Gartencenter . Nach einer Weile fragte sie nach einer Palme für den Balkon .;Jana verließ das Gartencenter . Nach einer Weile fragte sie nach einer Palme;Palme;0.0;5.65;2.25;Gartencenter;15.538965821266174;15.963194362819195
71;c;Jana ging auf die Kirmes. Nach einer Weile fragte sie nach einer Palme für den Balkon.;Jana ging auf die Kirmes . Nach einer Weile fragte sie nach einer Palme für den Balkon .;Jana ging auf die Kirmes . Nach einer Weile fragte sie nach einer Palme;Palme;0.0;1.25;2.909090909;Kirmes;14.070716559886932;16.46141266822815
72;a;Nico fuhr zur Pizzeria. Sofort griff er die Speisekarte und bestellte eine Margherita.;Nico fuhr zur Pizzeria . Sofort griff er die Speisekarte und bestellte eine Margherita .;Nico fuhr zur Pizzeria . Sofort griff er die Speisekarte;Speisekarte;0.3;6.5;6.545454545;Pizzeria;14.64279767870903;6.860944909509271
72;b;Nico verließ die Pizzeria. Sofort griff er die Speisekarte und bestellte eine Margherita.;Nico verließ die Pizzeria . Sofort griff er die Speisekarte und bestellte eine Margherita .;Nico verließ die Pizzeria . Sofort griff er die Speisekarte;Speisekarte;0.0;6.5;2.428571429;Pizzeria;12.515861511230469;8.457182957856276
72;c;Nico fuhr wandern. Sofort griff er die Speisekarte und bestellte eine Margherita.;Nico fuhr wandern . Sofort griff er die Speisekarte und bestellte eine Margherita .;Nico fuhr wandern . Sofort griff er die Speisekarte;Speisekarte;0.0;1.4;1.083333333;wandern;18.06180465221405;13.331414801068604
73;a;Beate ging schwimmen. Schnell prüfte sie das Becken und schwamm los.;Beate ging schwimmen . Schnell prüfte sie das Becken und schwamm los .;Beate ging schwimmen . Schnell prüfte sie das Becken;Becken;0.0;6.55;5.75;schwimmen;6.363052368164063;2.803591043339111
73;b;Beate kam zurück vom schwimmen. Schnell prüfte sie das Becken und schwamm los.;Beate kam zurück vom schwimmen . Schnell prüfte sie das Becken und schwamm los .;Beate kam zurück vom schwimmen . Schnell prüfte sie das Becken;Becken;0.0;6.55;2.0;schwimmen;6.991574764251709;8.505084723234177
73;c;Beate fuhr mit dem Taxi. Schnell prüfte sie das Becken und schwamm los.;Beate fuhr mit dem Taxi . Schnell prüfte sie das Becken und schwamm los .;Beate fuhr mit dem Taxi . Schnell prüfte sie das Becken;Becken;0.0;1.4;1.142857143;Taxi;13.461878776550291;12.080272436141968
74;a;Hubert nahm ein Flugzeug. Voller Begeisterung genoss er die Höhe denn er liebte das Fliegen.;Hubert nahm ein Flugzeug . Voller Begeisterung genoss er die Höhe denn er liebte das Fliegen .;Hubert nahm ein Flugzeug . Voller Begeisterung genoss er die Höhe;Höhe;0.0;6.2;6.571428571;Flugzeug;7.745594024658203;8.4121675491333
74;b;Hubert verließ das Flugzeug. Voller Begeisterung genoss er die Höhe denn er liebte das Fliegen.;Hubert verließ das Flugzeug . Voller Begeisterung genoss er die Höhe denn er liebte das Fliegen .;Hubert verließ das Flugzeug . Voller Begeisterung genoss er die Höhe;Höhe;0.0;6.2;2.666666667;Flugzeug;8.789234161376953;9.607645988464355
74;c;Hubert begann zu baden. Voller Begeisterung genoss er die Höhe denn er liebte das Fliegen.;Hubert begann zu baden . Voller Begeisterung genoss er die Höhe denn er liebte das Fliegen .;Hubert begann zu baden . Voller Begeisterung genoss er die Höhe;Höhe;0.0;1.3;1.909090909;baden;11.893903732299805;15.685686111450195
75;a;Jenni begann den Unterricht. Sofort öffnete sie die Tafel und begann zu schreiben.;Jenni begann den Unterricht . Sofort öffnete sie die Tafel und begann zu schreiben .;Jenni begann den Unterricht . Sofort öffnete sie die Tafel;Tafel;0.2;6.65;4.818181818;Unterricht;11.373649597167969;11.910999295301735
75;b;Jenni hörte auf mit dem Unterricht. Sofort öffnete sie die Tafel und begann zu schreiben.;Jenni hörte auf mit dem Unterricht . Sofort öffnete sie die Tafel und begann zu schreiben .;Jenni hörte auf mit dem Unterricht . Sofort öffnete sie die Tafel;Tafel;0.0;6.65;2.142857143;Unterricht;11.665120124816896;14.412970952689648
75;c;Jenni betrat die Eishalle. Sofort öffnete sie die Tafel und begann zu schreiben.;Jenni betrat die Eishalle . Sofort öffnete sie die Tafel und begann zu schreiben .;Jenni betrat die Eishalle . Sofort öffnete sie die Tafel;Tafel;0.0;2.05;1.333333333;Eishalle;13.738739967346191;14.810169452801347
76;a;Hans betrat die Kletterhalle. Wenig später griff er das Seil und spannte es ein.;Hans betrat die Kletterhalle . Wenig später griff er das Seil und spannte es ein .;Hans betrat die Kletterhalle . Wenig später griff er das Seil;Seil;0.2;6.35;6.25;Kletterhalle;5.650870323181152;1.4386685122735798
76;b;Hans verließ die Kletterhalle. Konzentriert griff er das Seil und spannte es ein.;Hans verließ die Kletterhalle . Konzentriert griff er das Seil und spannte es ein .;Hans verließ die Kletterhalle . Konzentriert griff er das Seil;Seil;0.0;6.35;1.727272727;Kletterhalle;5.358166217803955;8.235088049899787
76;c;Hans begann zu bowlen. Konzentriert griff er das Seil und spannte es ein.;Hans begann zu bowlen . Konzentriert griff er das Seil und spannte es ein .;Hans begann zu bowlen . Konzentriert griff er das Seil;Seil;0.0;1.2;1.142857143;bowlen;6.744258880615234;7.590199530124664
77;a;Clara ging zum Schießstand. Sofort bekam sie einen Revolver und begann auf das Ziel zu schiessen.;Clara ging zum Schießstand . Sofort bekam sie einen Revolver und begann auf das Ziel zu schiessen .;Clara ging zum Schießstand . Sofort bekam sie einen Revolver;Revolver;0.0;6.2;6.285714286;Schießstand;7.756230732426047;7.436996468808502
77;b;Clara verließ den Schießstand. Sofort bekam sie einen Revolver und begann auf das Ziel zu schiessen.;Clara verließ den Schießstand . Sofort bekam sie einen Revolver und begann auf das Ziel zu schiessen .;Clara verließ den Schießstand . Sofort bekam sie einen Revolver;Revolver;0.0;6.2;1.583333333;Schießstand;9.393987600691617;14.354567915201187
77;c;Clara ging auf einen Feuerwehreinsatz. Sofort bekam sie einen Revolver und begann auf das Ziel zu schiessen.;Clara ging auf einen Feuerwehreinsatz . Sofort bekam sie einen Revolver und begann auf das Ziel zu schiessen .;Clara ging auf einen Feuerwehreinsatz . Sofort bekam sie einen Revolver;Revolver;0.0;1.45;1.363636364;Feuerwehreinsatz;11.236886681988835;15.07587693631649
78;a;Georg nahm teil an Yoga. Nach einer Weile setzte er sich auf seine Yogamatte und machte eine Übung.;Georg nahm teil an Yoga . Nach einer Weile setzte er sich auf seine Yogamatte und machte eine Übung .;Georg nahm teil an Yoga . Nach einer Weile setzte er sich auf seine Yogamatte;Yogamatte;0.6;6.65;6.090909091;Yoga;10.650466337800026;3.3746670447289944
78;b;Georg kam zurück von Yoga. Nach einer Weile setzte er sich auf seine Yogamatte und machte eine Übung.;Georg kam zurück von Yoga . Nach einer Weile setzte er sich auf seine Yogamatte und machte eine Übung .;Georg kam zurück von Yoga . Nach einer Weile setzte er sich auf seine Yogamatte;Yogamatte;0.1;6.65;2.857142857;Yoga;10.051167100667952;5.690707782283425
78;c;Georg nahm teil am Fußballspiel. Nach einer Weile setzte er sich auf seine Yogamatte und machte eine Übung.;Georg nahm teil am Fußballspiel . Nach einer Weile setzte er sich auf seine Yogamatte und machte eine Übung .;Georg nahm teil am Fußballspiel . Nach einer Weile setzte er sich auf seine Yogamatte;Yogamatte;0.0;1.55;2.0;Fußballspiel;15.92867049574852;10.97482438199222
79;a;Johanna begann die Jagd. Nach einer Weile erblickte sie den Hochsitz und ging darauf zu.;Johanna begann die Jagd . Nach einer Weile erblickte sie den Hochsitz und ging darauf zu .;Johanna begann die Jagd . Nach einer Weile erblickte sie den Hochsitz;Hochsitz;0.0;6.6;5.416666667;Jagd;14.142406940460203;13.821663006208837
79;b;Johanna kam zurück von der Jagd. Nach einer Weile erblickte sie den Hochsitz und ging darauf zu.;Johanna kam zurück von der Jagd . Nach einer Weile erblickte sie den Hochsitz und ging darauf zu .;Johanna kam zurück von der Jagd . Nach einer Weile erblickte sie den Hochsitz;Hochsitz;0.0;6.6;1.818181818;Jagd;14.767857074737549;11.6982192248106
79;c;Johanna betrat die Metzgerei. Nach einer Weile erblickte sie den Hochsitz und ging darauf zu.;Johanna betrat die Metzgerei . Nach einer Weile erblickte sie den Hochsitz und ging darauf zu .;Johanna betrat die Metzgerei . Nach einer Weile erblickte sie den Hochsitz;Hochsitz;0.0;1.4;1.714285714;Metzgerei;18.66049194335937;17.884319487959146
80;a;Jürgen betrat die Bäckerei. Wenig später zeigte er auf das Croissant und wählte aus.;Jürgen betrat die Bäckerei . Wenig später zeigte er auf das Croissant und wählte aus .;Jürgen betrat die Bäckerei . Wenig später zeigte er auf das Croissant;Croissant;0.1;6.7;6.857142857;Bäckerei;17.770380466245115;10.147524356842041
80;b;Jürgen verließ die Bäckerei. Wenig später zeigte er auf das Croissant und wählte aus.;Jürgen verließ die Bäckerei . Wenig später zeigte er auf das Croissant und wählte aus .;Jürgen verließ die Bäckerei . Wenig später zeigte er auf das Croissant;Croissant;0.0;6.7;3.916666667;Bäckerei;18.78963397815824;15.199161633849144
80;c;Jürgen betrat den Zoo. Wenig später zeigte er auf das Croissant und wählte aus.;Jürgen betrat den Zoo . Wenig später zeigte er auf das Croissant und wählte aus .;Jürgen betrat den Zoo . Wenig später zeigte er auf das Croissant;Croissant;0.0;1.3;2.0;Zoo;23.62658916786313;20.62147855758667
81;a;Frauke ging ins Stadion. Schnell wählte sie eine Tribüne und setzte sich.;Frauke ging ins Stadion . Schnell wählte sie eine Tribüne und setzte sich .;Frauke ging ins Stadion . Schnell wählte sie eine Tribüne;Tribüne;0.0;6.55;5.272727273;Stadion;12.224814414978027;6.00461825937964
81;b;Frauke verließ das Stadion. Schnell wählte sie eine Tribüne und setzte sich.;Frauke verließ das Stadion . Schnell wählte sie eine Tribüne und setzte sich .;Frauke verließ das Stadion . Schnell wählte sie eine Tribüne;Tribüne;0.0;6.55;1.142857143;Stadion;13.547388076782228;19.36563899484463
81;c;Frauke ging zum Waschsalon. Schnell wählte sie eine Tribüne und setzte sich.;Frauke ging zum Waschsalon . Schnell wählte sie eine Tribüne und setzte sich .;Frauke ging zum Waschsalon . Schnell wählte sie eine Tribüne;Tribüne;0.0;1.25;1.166666667;Waschsalon;17.81796646118164;22.123689940897748
82;a;Bernd betrat den Kiosk. Sofort kaufte er eine Zeitung und ging wieder heim.;Bernd betrat den Kiosk . Sofort kaufte er eine Zeitung und ging wieder heim .;Bernd betrat den Kiosk . Sofort kaufte er eine Zeitung;Zeitung;0.1;6.6;6.416666667;Kiosk;7.140047073364258;2.366065740585327
82;b;Bernd verließ den Kiosk. Sofort kaufte er eine Zeitung und ging wieder heim.;Bernd verließ den Kiosk . Sofort kaufte er eine Zeitung und ging wieder heim .;Bernd verließ den Kiosk . Sofort kaufte er eine Zeitung;Zeitung;0.0;6.6;3.0;Kiosk;7.59878396987915;2.091585159301758
82;c;Bernd betrat den Zirkus. Sofort kaufte er eine Zeitung und ging wieder heim.;Bernd betrat den Zirkus . Sofort kaufte er eine Zeitung und ging wieder heim .;Bernd betrat den Zirkus . Sofort kaufte er eine Zeitung;Zeitung;0.0;1.45;2.142857143;Zirkus;11.49874782562256;7.105924129486084
83;a;Nicole betrat das Büro. Zuerst ging sie zum Schreibtisch und schaltete dann den Computer ein.;Nicole betrat das Büro . Zuerst ging sie zum Schreibtisch und schaltete dann den Computer ein .;Nicole betrat das Büro . Zuerst ging sie zum Schreibtisch;Schreibtisch;0.2;6.75;6.714285714;Büro;4.742061614990234;1.8623668138170615
83;b;Nicole verließ das Büro. Zuerst ging sie zum Schreibtisch und schaltete dann den Computer ein.;Nicole verließ das Büro . Zuerst ging sie zum Schreibtisch und schaltete dann den Computer ein .;Nicole verließ das Büro . Zuerst ging sie zum Schreibtisch;Schreibtisch;0.0;6.75;2.416666667;Büro;8.076994895935059;6.836322288494557
83;c;Nicole betrat die Sauna. Zuerst ging sie zum Schreibtisch und schaltete dann den Computer ein.;Nicole betrat die Sauna . Zuerst ging sie zum Schreibtisch und schaltete dann den Computer ein .;Nicole betrat die Sauna . Zuerst ging sie zum Schreibtisch;Schreibtisch;0.0;1.2;1.636363636;Sauna;10.373940467834473;12.436015567509457
84;a;Viktor ging ins Labor. Schnell begann er das Experiment und machte sich Notizen.;Viktor ging ins Labor . Schnell begann er das Experiment und machte sich Notizen .;Viktor ging ins Labor . Schnell begann er das Experiment;Experiment;0.5;6.35;6.636363636;Labor;5.682234764099121;1.7523434679023921
84;b;Viktor verließ das Labor. Schnell begann er das Experiment und machte sich Notizen.;Viktor verließ das Labor . Schnell begann er das Experiment und machte sich Notizen .;Viktor verließ das Labor . Schnell begann er das Experiment;Experiment;0.0;6.35;1.857142857;Labor;5.3958611488342285;6.11304302001372
84;c;Viktor ging zum Tierarzt. Schnell begann er das Experiment und machte sich Notizen.;Viktor ging zum Tierarzt . Schnell begann er das Experiment und machte sich Notizen .;Viktor ging zum Tierarzt . Schnell begann er das Experiment;Experiment;0.0;2.35;3.166666667;Tierarzt;9.541437149047852;7.72224035859108
85;a;Gabi ging in die Umkleide. Schnell probierte sie die Kleidung an und  ging zur Kasse .;Gabi ging in die Umkleide . Schnell probierte sie die Kleidung an und ging zur Kasse .;Gabi ging in die Umkleide . Schnell probierte sie die Kleidung;Kleidung;0.2;6.75;6.333333333;Umkleide;8.955119132995605;5.245846390724182
85;b;Gabi verließ die Umkleide. Schnell probierte sie die Kleidung an und  ging zur Kasse .;Gabi verließ die Umkleide . Schnell probierte sie die Kleidung an und ging zur Kasse .;Gabi verließ die Umkleide . Schnell probierte sie die Kleidung;Kleidung;0.1;6.75;3.818181818;Umkleide;9.64358901977539;6.456202834844589
85;c;Gabi betrat den Tatort. Schnell probierte sie die Kleidung an und  ging zur Kasse .;Gabi betrat den Tatort . Schnell probierte sie die Kleidung an und ging zur Kasse .;Gabi betrat den Tatort . Schnell probierte sie die Kleidung;Kleidung;0.0;2.1;5.0;Tatort;9.69694709777832;10.171852886676788
86;a;Jakob betrat die Tankstelle. Sofort sagte er seine Nummer und bezahlte.;Jakob betrat die Tankstelle . Sofort sagte er seine Nummer und bezahlte .;Jakob betrat die Tankstelle . Sofort sagte er seine Nummer;Nummer;0.3;5.4;4.571428571;Tankstelle;8.165241241455078;7.0017547672614455
86;b;Jakob verließ die Tankstelle. Sofort sagte er seine Nummer und bezahlte.;Jakob verließ die Tankstelle . Sofort sagte er seine Nummer und bezahlte .;Jakob verließ die Tankstelle . Sofort sagte er seine Nummer;Nummer;0.0;5.4;1.833333333;Tankstelle;9.050736427307127;6.8730510622262955
86;c;Jakob begann Bäume zu fällen. Sofort sagte er seine Nummer und bezahlte.;Jakob begann Bäume zu fällen . Sofort sagte er seine Nummer und bezahlte .;Jakob begann Bäume zu fällen . Sofort sagte er seine Nummer;Nummer;0.0;1.85;2.545454545;Bäume;13.536405563354492;12.348222650587559
87;a;Hilde begann die Kutsche zu fahren. Schnell bestieg sie den Kutschbock und los ging es.;Hilde begann die Kutsche zu fahren . Schnell bestieg sie den Kutschbock und los ging es .;Hilde begann die Kutsche zu fahren . Schnell bestieg sie den Kutschbock;Kutschbock;0.4;6.4;6.181818182;Kutsche;10.63082394003868;2.9853651335579343
87;b;Hilde war fertig die Kutsche zu fahren. Schnell bestieg sie den Kutschbock und los ging es.;Hilde war fertig die Kutsche zu fahren . Schnell bestieg sie den Kutschbock und los ging es .;Hilde war fertig die Kutsche zu fahren . Schnell bestieg sie den Kutschbock;Kutschbock;0.1;6.4;4.0;Kutsche;11.973720788955688;3.9241441652411595
87;c;Hilde begann ein Lagerfeuer. Schnell bestieg sie den Kutschbock und los ging es.;Hilde begann ein Lagerfeuer . Schnell bestieg sie den Kutschbock und los ging es .;Hilde begann ein Lagerfeuer . Schnell bestieg sie den Kutschbock;Kutschbock;0.0;1.4;1.5;Lagerfeuer;14.289084017276764;12.311296471365495
88;a;Tom begann Frühstück zu machen. Sofort öffnete er die Butter und machte sich ein Brot.;Tom begann Frühstück zu machen . Sofort öffnete er die Butter und machte sich ein Brot .;Tom begann Frühstück zu machen . Sofort öffnete er die Butter;Butter;0.1;6.45;5.833333333;Frühstück;13.728249549865724;12.299064761027694
88;b;Tom hörte auf Frühstück zu machen. Sofort öffnete er die Butter und machte sich ein Brot.;Tom hörte auf Frühstück zu machen . Sofort öffnete er die Butter und machte sich ein Brot .;Tom hörte auf Frühstück zu machen . Sofort öffnete er die Butter;Butter;0.0;6.45;2.454545455;Frühstück;14.29731273651123;14.72444074600935
88;c;Tom ging zum Weihnachtsmarkt. Sofort öffnete er die Butter und machte sich ein Brot.;Tom ging zum Weihnachtsmarkt . Sofort öffnete er die Butter und machte sich ein Brot .;Tom ging zum Weihnachtsmarkt . Sofort öffnete er die Butter;Butter;0.0;1.5;1.142857143;Weihnachtsmarkt;14.860259056091309;16.116666555404663
89;a;Kim ging ins Krankenhaus. Gleich ging sie zur Rezeption und fragte nach dem Weg.;Kim ging ins Krankenhaus . Gleich ging sie zur Rezeption und fragte nach dem Weg .;Kim ging ins Krankenhaus . Gleich ging sie zur Rezeption;Rezeption;0.3;3.95;5.285714286;Krankenhaus;11.716574668884276;5.419383705127984
89;b;Kim verließ das Krankenhaus. Gleich ging sie zur Rezeption und fragte nach dem Weg.;Kim verließ das Krankenhaus . Gleich ging sie zur Rezeption und fragte nach dem Weg .;Kim verließ das Krankenhaus . Gleich ging sie zur Rezeption;Rezeption;0.0;3.95;3.5;Krankenhaus;11.35063362121582;8.941153220133856
89;c;Kim fing an sein Mittagessen zu kochen. Gleich ging sie zur Rezeption und fragte nach dem Weg.;Kim fing an sein Mittagessen zu kochen . Gleich ging sie zur Rezeption und fragte nach dem Weg .;Kim fing an sein Mittagessen zu kochen . Gleich ging sie zur Rezeption;Rezeption;0.0;1.95;1.909090909;Mittagessen;7.357377052307129;8.019537316635251
90;a;Michael fing an einen Kuchen zu backen. Als erstes nahm er einen Schneebesen und schlug Eiweiß steif.;Michael fing an einen Kuchen zu backen . Als erstes nahm er einen Schneebesen und schlug Eiweiß steif .;Michael fing an einen Kuchen zu backen . Als erstes nahm er einen Schneebesen;Schneebesen;0.0;5.6;6.454545455;Kuchen;12.13955212943256;8.8624885706231
90;b;Michael war fertig einen Kuchen zu backen. Als erstes nahm er einen Schneebesen und schlug Eiweiß steif.;Michael war fertig einen Kuchen zu backen . Als erstes nahm er einen Schneebesen und schlug Eiweiß steif .;Michael war fertig einen Kuchen zu backen . Als erstes nahm er einen Schneebesen;Schneebesen;0.0;5.6;1.857142857;Kuchen;12.100487073883414;8.685932300053537
90;c;Michael betrat das Restaurant. Als erstes nahm er einen Schneebesen und schlug Eiweiß steif.;Michael betrat das Restaurant . Als erstes nahm er einen Schneebesen und schlug Eiweiß steif .;Michael betrat das Restaurant . Als erstes nahm er einen Schneebesen;Schneebesen;0.0;3.9;2.5;Restaurant;15.670537650585176;16.25691556930542
